id,imdb_id,budget_old_new,budget_scrape
11862,tt0113041,0.0,30000000 
21032,tt0112453,0.0,0
9909,tt0112792,0.0,23000000 
9089,tt0113321,0.0,20000000 
2054,tt0113862,0.0,23000000 
11525,tt0116839,0.0,15000000 
28387,tt0113537,0.0,0
20927,tt0115644,0.0,0
10874,tt0117110,0.0,0
5757,tt0113756,0.0,0
26564,tt0109508,0.0,0
19326,tt0113500,0.0,0
47608,tt0113729,0.0,0
11472,tt0113986,0.0,0
18402,tt0114496,0.0,0
47939,tt0114663,0.0,10000000 
9090,tt0114682,0.0,0
10451,tt0111797,0.0,0
18395,tt0109758,0.0,25000000 
15789,tt0113198,0.0,18000000 
47867,tt0113199,0.0,0
14819,tt0110006,0.0,0
8986,tt0110516,0.0,0
10510,tt0110527,0.0,0
8438,tt0113870,0.0,0
41478,tt0114084,0.0,0
87078,tt0108260,0.0,0
11381,tt0114694,0.0,0
29973,tt0109450,0.0,0
16295,tt0113305,0.0,0
48992,tt0110091,0.0,0
10449,tt0111693,0.0,0
2758,tt0106220,0.0,47000000 
11853,tt0109198,0.0,25000000 
26203,tt0109297,0.0,11000000 
178,tt0109303,0.0,28000000 
18215,tt0106471,0.0,0
26391,tt0109361,0.0,0
18658,tt0109443,0.0,18000000 
11566,tt0106673,0.0,28000000 
18551,tt0106926,0.0,0
4916,tt0107057,0.0,12000000 
12475,tt0110123,0.0,0
59930,tt0110137,0.0,0
6,tt0107286,0.0,21000000 
1413,tt0107468,0.0,0
2246,tt0107497,0.0,20000000 
10502,tt0107501,0.0,0
18133,tt0107889,0.0,15000000 
25557,tt0111003,0.0,0
7007,tt0107969,0.0,35000000 
14291,tt0108065,0.0,12000000 
695,tt0108122,0.0,0
13203,tt0108186,0.0,0
24405,tt0109403,0.0,0
10897,tt0110366,0.0,23000000 
7300,tt0117247,0.0,0
10824,tt0112625,0.0,6000000 
25059,tt0116552,0.0,0
12520,tt0113613,0.0,0
19042,tt0115509,0.0,0
25087,tt0112536,0.0,0
38867,tt0109593,0.0,0
11867,tt0115624,0.0,9000000 
26890,tt0116594,0.0,0
31546,tt0115530,0.0,0
9308,tt0116531,0.0,0
18555,tt0116353,0.0,0
220,tt0048028,0.0,0
52855,tt0118927,0.0,0
63945,tt0118742,0.0,0
44465,tt0117473,0.0,0
10680,tt0116000,0.0,0
14821,tt0072951,0.0,0
24795,tt0109127,0.0,24000000 
9591,tt0117887,0.0,26000000 
30500,tt0117924,0.0,0
12614,tt0084865,0.0,0
11816,tt0082846,0.0,0
10548,tt0118147,0.0,0
41326,tt0099028,0.0,0
18129,tt0099703,0.0,0
11455,tt0078446,0.0,2000000 
696,tt0079522,0.0,9000000 
13667,tt0088794,0.0,0
8428,tt0100436,0.0,0
2640,tt0097493,0.0,3000000 
11314,tt0085809,0.0,0
15143,tt0094006,0.0,0
10322,tt0078841,0.0,0
14370,tt0089886,0.0,8000000 
2323,tt0097351,0.0,0
27214,tt0085159,0.0,6000000 
16235,tt0083550,0.0,5000000 
11449,tt0078767,0.0,4700000 
32076,tt0092632,0.0,13000000 
2212,tt0119791,0.0,0
2322,tt0105435,0.0,23000000 
2928,tt0117038,0.0,0
36758,tt0117364,0.0,0
9415,tt0119731,0.0,40000000 
12145,tt0119115,0.0,25000000 
9404,tt0116704,0.0,0
4104,tt0106387,0.0,0
14908,tt0119640,0.0,31190000 
28059,tt0120238,0.0,0
1968,tt0119141,0.0,20000000 
21915,tt0118750,0.0,0
50091,tt0118762,0.0,0
12723,tt0119381,0.0,0
9434,tt0119229,0.0,15000000 
9611,tt0120032,0.0,0
1811,tt0119809,0.0,0
50850,tt0120087,0.0,0
2058,tt0118556,0.0,0
107743,tt0118127,0.0,0
9433,tt0119051,0.0,30000000 
28353,tt0119326,0.0,0
25099,tt0119107,0.0,0
29911,tt0119095,0.0,0
9827,tt0119891,0.0,0
14398,tt0118900,0.0,0
38904,tt0119723,0.0,0
26941,tt0118566,0.0,0
12538,tt0120820,0.0,15000000 
9411,tt0119099,0.0,0
21736,tt0120661,0.0,0
53092,tt0119780,0.0,0
44308,tt0120793,0.0,0
17133,tt0119305,0.0,0
1774,tt0124295,0.0,0
9771,tt0120742,0.0,18000000 
76330,tt0141986,0.0,0
78373,tt0118925,0.0,0
4415,tt0119683,0.0,0
37636,tt0139362,0.0,0
37410,tt0122529,0.0,0
17661,tt0036872,0.0,0
11587,tt0099528,0.0,0
12101,tt0070723,0.0,0
17539,tt0137386,0.0,0
11164,tt0109520,0.0,0
24736,tt0106868,0.0,0
10122,tt0091059,0.0,9000000 
14013,tt0131857,0.0,25000000 
47908,tt0090203,0.0,0
35144,tt0089385,0.0,0
10340,tt0048280,0.0,4000000 
10437,tt0104940,0.0,12000000 
65158,tt0111271,0.0,19200000 
10419,tt0108265,0.0,0
6471,tt0079367,0.0,0
9442,tt0083798,0.0,9000000 
14367,tt0092513,0.0,7000000 
11814,tt0090305,0.0,7500000 
10380,tt0101329,0.0,0
11522,tt0091790,0.0,9000000 
11557,tt0090060,0.0,10000000 
37530,tt0093220,0.0,0
21661,tt0140796,0.0,0
31641,tt0118980,0.0,0
21873,tt0081207,0.0,0
2028,tt0098258,0.0,0
11597,tt0105629,0.0,43000000 
47947,tt0084938,0.0,0
14347,tt0086973,0.0,0
18169,tt0090583,0.0,8500000 
11082,tt0096073,0.0,0
72987,tt0120835,0.0,0
1890,tt0090830,0.0,10500000 
41817,tt0099750,0.0,0
13698,tt0091159,0.0,18000000 
10157,tt0089822,0.0,7600000 
12118,tt0091777,0.0,0
10587,tt0093756,0.0,0
11825,tt0095882,0.0,0
11895,tt0098105,0.0,12000000 
8879,tt0089767,0.0,6900000 
10328,tt0088933,0.0,17500000 
15596,tt0090685,0.0,11000000 
44326,tt0091024,0.0,0
10495,tt0097647,0.0,0
10344,tt0097368,0.0,0
25018,tt0099994,0.0,2000000 
12151,tt0091877,0.0,13000000 
25438,tt0092112,0.0,0
33278,tt0090917,0.0,0
9396,tt0092493,0.0,14000000 
18588,tt0090567,0.0,0
12715,tt0091055,0.0,8000000 
8769,tt0085333,0.0,9700000 
14742,tt0084412,0.0,0
31503,tt0107626,0.0,12000000 
27455,tt0166195,0.0,2000000 
114719,tt0143261,0.0,0
6396,tt0133189,0.0,0
18252,tt0089652,0.0,0
53862,tt0160298,0.0,3000000 
55912,tt0138590,0.0,0
11120,tt0091557,0.0,25000000 
48259,tt0090886,0.0,20000000 
26789,tt0091637,0.0,14000000 
31924,tt0091554,0.0,0
24081,tt0093051,0.0,0
66194,tt0092850,0.0,0
3526,tt0083967,0.0,0
10768,tt0082377,0.0,5000000 
2665,tt0083530,0.0,15000000 
11418,tt0089670,0.0,17000000 
850,tt0085334,0.0,3300000 
11963,tt0073802,0.0,20000000 
21719,tt0151582,0.0,0
42114,tt0086014,0.0,6000000 
35122,tt0127296,0.0,0
18086,tt0097390,0.0,7500000 
1049,tt0108185,0.0,0
12662,tt0091799,0.0,0
14412,tt0082089,0.0,0
16858,tt0078754,0.0,12000000 
14484,tt0172627,0.0,0
32043,tt0099710,0.0,0
98480,tt0138537,0.0,0
11510,tt0100475,0.0,0
11498,tt0101669,0.0,15000000 
29154,tt0094027,0.0,0
2039,tt0093565,0.0,15000000 
9647,tt0096061,0.0,32000000 
293,tt0105265,0.0,12000000 
11005,tt0099077,0.0,31000000 
34760,tt0090556,0.0,0
31582,tt0155711,0.0,15000000 
10411,tt0104114,0.0,50000000 
32331,tt0096171,0.0,0
36492,tt0066892,0.0,0
10236,tt0070903,0.0,0
11851,tt0095897,0.0,0
14040,tt0088707,0.0,0
2990,tt0100318,0.0,18000000 
13005,tt0081748,0.0,0
10406,tt0104187,0.0,7000000 
14741,tt0076095,0.0,0
8873,tt0108525,0.0,40000000 
11068,tt0105415,0.0,0
10158,tt0105812,0.0,0
9876,tt0105477,0.0,45000000 
10326,tt0104291,0.0,0
16562,tt0104040,0.0,0
9609,tt0105046,0.0,0
14839,tt0077248,0.0,1700000 
2193,tt0085980,0.0,0
20423,tt0097372,0.0,0
8989,tt0093148,0.0,10000000 
26827,tt0094321,0.0,17000000 
11176,tt0079588,0.0,0
18890,tt0108526,0.0,0
2383,tt0095800,0.0,0
17443,tt0078718,0.0,0
26170,tt0062824,0.0,1500000 
12187,tt0107091,0.0,25000000 
17529,tt0065126,0.0,0
40841,tt0105267,0.0,0
41659,tt0107630,0.0,15000000 
29786,tt0079640,0.0,0
11356,tt0063374,0.0,1200000 
1552,tt0098067,0.0,20000000 
5241,tt0096324,0.0,0
1058,tt0085276,0.0,7500000 
13105,tt0085970,0.0,0
2094,tt0058534,0.0,0
10648,tt0070355,0.0,0
2075,tt0089841,0.0,0
11428,tt0105428,0.0,15000000 
25562,tt0102951,0.0,25000000 
10264,tt0099726,0.0,0
29204,tt0082009,0.0,1500000 
21128,tt0102592,0.0,0
28774,tt0097100,0.0,5000000 
9873,tt0089118,0.0,10000000 
14864,tt0099797,0.0,13000000 
27352,tt0094792,0.0,0
8348,tt0072288,0.0,2200000 
24099,tt0087175,0.0,0
17897,tt0071569,0.0,982351 
11856,tt0099005,0.0,35000000 
10860,tt0098384,0.0,15000000 
201581,tt0120593,0.0,0
18168,tt0199314,0.0,0
11694,tt0059017,0.0,0
46119,tt0197384,0.0,0
27665,tt0188694,0.0,0
10973,tt0046876,0.0,0
20721,tt0088936,0.0,7000000 
2609,tt0093748,0.0,30000000 
5001,tt0247196,0.0,0
26719,tt0093223,0.0,0
2623,tt0084434,0.0,7500000 
10655,tt0107007,0.0,25000000 
17474,tt0102388,0.0,0
2613,tt0105165,0.0,0
26333,tt0108451,0.0,7500000 
4639,tt0092641,0.0,0
67307,tt0092656,0.0,0
70199,tt0092842,0.0,0
24826,tt0092897,0.0,0
17159,tt0092948,0.0,0
28368,tt0093073,0.0,0
48149,tt0093104,0.0,0
14464,tt0093215,0.0,0
65501,tt0093225,0.0,0
32227,tt0093231,0.0,0
2614,tt0093260,0.0,27000000 
24828,tt0093405,0.0,24000000 
36914,tt0093418,0.0,10500000 
2608,tt0093476,0.0,3000000 
22915,tt0093648,0.0,0
17203,tt0212380,0.0,0
29492,tt0091836,0.0,0
35976,tt0077504,0.0,3000000 
31004,tt0097880,0.0,0
38718,tt0100486,0.0,0
11607,tt0097179,0.0,8000000 
16889,tt0093857,0.0,0
3784,tt0101912,0.0,29000000 
40842,tt0079638,0.0,0
19357,tt0090098,0.0,0
19094,tt0204640,0.0,0
26255,tt0102343,0.0,0
301,tt0053221,0.0,0
12623,tt0094082,0.0,0
15497,tt0041996,0.0,0
21056,tt0212815,0.0,0
9967,tt0086508,0.0,14500000 
15564,tt0226648,0.0,7000000 
11950,tt0087032,0.0,20000000 
12236,tt0098369,0.0,18000000 
11300,tt0091983,0.0,0
20197,tt0084788,0.0,7000000 
43316,tt0047811,0.0,0
9517,tt0242193,0.0,0
24977,tt0245280,0.0,0
47817,tt0094594,0.0,0
26044,tt0094678,0.0,0
14911,tt0094712,0.0,0
15592,tt0094715,0.0,20000000 
30502,tt0094744,0.0,0
34604,tt0094846,0.0,0
14441,tt0094884,0.0,0
27397,tt0094921,0.0,4000000 
9748,tt0094933,0.0,0
10141,tt0095031,0.0,0
5680,tt0095088,0.0,7500000 
25884,tt0095145,0.0,0
26355,tt0095169,0.0,0
21362,tt0095304,0.0,17000000 
47818,tt0095736,0.0,0
3543,tt0095801,0.0,0
58434,tt0096003,0.0,3000000 
18197,tt0096018,0.0,7000000 
70842,tt0096029,0.0,0
38909,tt0096030,0.0,0
9717,tt0096098,0.0,15000000 
11966,tt0096101,0.0,15000000 
2605,tt0091949,0.0,15000000 
25497,tt0096180,0.0,4000000 
50203,tt0096200,0.0,9000000 
29095,tt0096426,0.0,3000000 
32049,tt0106393,0.0,7000000 
22711,tt0096943,0.0,22000000 
19124,tt0096945,0.0,10000000 
4925,tt0097166,0.0,14500000 
14550,tt0097235,0.0,15000000 
21721,tt0085475,0.0,0
116014,tt0097276,0.0,9500000 
10551,tt0097328,0.0,0
1380,tt0097438,0.0,10000000 
29185,tt0097579,0.0,0
33379,tt0203540,0.0,GBP1365000 
19142,tt0098193,0.0,4000000 
24254,tt0098230,0.0,10000000 
47045,tt0098308,0.0,0
31083,tt0098356,0.0,0
30666,tt0098385,0.0,1500000 
16560,tt0098442,0.0,0
6951,tt0098536,0.0,13000000 
12584,tt0075213,0.0,0
17169,tt0080377,0.0,15000000 
21055,tt0250202,0.0,0
37920,tt0221799,0.0,0
22230,tt0208196,0.0,0
15104,tt0255653,0.0,0
11065,tt0184791,0.0,5000000 
21118,tt0219400,0.0,0
32567,tt0264578,0.0,0
9660,tt0053143,0.0,0
1623,tt0080474,0.0,9000000 
13612,tt0080520,0.0,0
9081,tt0243017,0.0,0
16441,tt0083630,0.0,8000000 
3537,tt0080716,0.0,0
8738,tt0080736,0.0,12000000 
42566,tt0082350,0.0,3800000 
23111,tt0087747,0.0,13000000 
19209,tt0094318,0.0,0
31603,tt0080754,0.0,13200000 
32020,tt0080756,0.0,0
31955,tt0087751,0.0,11000000 
50819,tt0294289,0.0,0
52744,tt0087233,0.0,12000000 
21845,tt0107985,0.0,10000000 
11528,tt0108037,0.0,0
25006,tt0301893,0.0,0
19050,tt0075718,0.0,0
13225,tt0104254,0.0,24000000 
10889,tt0080798,0.0,0
54287,tt0080836,0.0,11000000 
44004,tt0080863,0.0,0
24825,tt0081259,0.0,4000000 
24032,tt0076489,0.0,0
18172,tt0085154,0.0,5600000 
28124,tt0081480,0.0,0
12705,tt0081529,0.0,0
11006,tt0076729,0.0,4300000 
15120,tt0086325,0.0,0
21629,tt0081562,0.0,0
24585,tt0089167,0.0,0
11590,tt0076723,0.0,0
2565,tt0099892,0.0,25000000 
21970,tt0081738,0.0,0
10491,tt0157583,0.0,0
73462,tt0088758,0.0,0
10164,tt0099204,0.0,0
20712,tt0103253,0.0,0
13963,tt0077838,0.0,0
24008,tt0044916,0.0,0
103299,tt0105631,0.0,0
17043,tt0305396,0.0,13000000 
9296,tt0258153,0.0,0
24038,tt0094597,0.0,0
26056,tt0275688,0.0,0
16370,tt0106315,0.0,14000000 
18913,tt0099128,0.0,0
41582,tt0110557,0.0,0
23470,tt0108258,0.0,0
233,tt0080117,0.0,0
50123,tt0284494,0.0,0
12719,tt0099581,0.0,0
12590,tt0276816,0.0,40000000 
19973,tt0328962,0.0,0
12600,tt0287635,0.0,0
49872,tt0293832,0.0,0
140413,tt0082001,0.0,14000000 
26560,tt0082200,0.0,0
19114,tt0082329,0.0,0
24740,tt0082334,0.0,9000000 
47886,tt0082748,0.0,300000 
13098,tt0259484,0.0,0
13441,tt0299117,0.0,0
10750,tt0103112,0.0,10000000 
47888,tt0083006,0.0,16000000 
14664,tt0083064,0.0,0
11524,tt0083190,0.0,5500000 
13376,tt0271263,0.0,34000000 
31665,tt0083619,0.0,11000000 
11852,tt0302640,0.0,0
32074,tt0101606,0.0,18000000 
23626,tt0330069,0.0,0
11078,tt0271668,0.0,0
26393,tt0118772,0.0,0
15278,tt0106500,0.0,6000000 
53027,tt0102500,0.0,10000000 
24742,tt0089981,0.0,0
1647,tt0292506,0.0,46000000 
32065,tt0083960,0.0,5000000 
10150,tt0084237,0.0,3500000 
15600,tt0084335,0.0,9500000 
52772,tt0084675,0.0,12000000 
46925,tt0084690,0.0,0
9699,tt0084814,0.0,6000000 
24883,tt0085248,0.0,0
12157,tt0099699,0.0,12500000 
11571,tt0052948,0.0,3440000 
11523,tt0264150,0.0,30000000 
79615,tt0094020,0.0,0
24621,tt0323572,0.0,0
14237,tt0109327,0.0,0
12661,tt0108442,0.0,0
47329,tt0100691,0.0,0
251053,tt0314871,0.0,0
1816,tt0088915,0.0,27000000 
22201,tt0050468,0.0,2000000 
5146,tt0314786,0.0,40000000 
2260,tt0342172,0.0,0
11145,tt0079100,0.0,12500000 
11916,tt0065134,0.0,2500000 
8092,tt0108330,0.0,0
2263,tt0100211,0.0,0
53380,tt0150338,0.0,0
61225,tt0103747,0.0,0
18722,tt0104926,0.0,40000000 
33339,tt0342167,0.0,0
24993,tt0102202,0.0,0
10553,tt0089901,0.0,0
21512,tt0094764,0.0,AUD10000000 
9499,tt0306734,0.0,0
2771,tt0305206,0.0,0
14881,tt0068768,0.0,0
9051,tt0078721,0.0,0
936,tt0057413,0.0,0
99006,tt0264802,0.0,0
112961,tt0317950,0.0,0
27590,tt0089222,0.0,0
40353,tt0097557,0.0,0
34564,tt0100608,0.0,0
12767,tt0331468,0.0,0
37672,tt0078199,0.0,0
16563,tt0047472,0.0,0
11806,tt0103786,0.0,0
36349,tt0090735,0.0,0
9874,tt0090859,0.0,25000000 
11707,tt0088272,0.0,0
13339,tt0094138,0.0,6000000 
26850,tt0105691,0.0,6000000 
37943,tt0083906,0.0,0
33633,tt0110722,0.0,0
47866,tt0104321,0.0,0
54973,tt0342300,0.0,0
2348,tt0110044,0.0,0
62327,tt0095916,0.0,0
43708,tt0322023,0.0,0
11846,tt0101862,0.0,0
4823,tt0104265,0.0,32000000 
8289,tt0085615,0.0,15000000 
11002,tt0087365,0.0,30000000 
11384,tt0102004,0.0,24000000 
2007,tt0104756,0.0,30000000 
2611,tt0102598,0.0,0
14671,tt0094072,0.0,0
14249,tt0100485,0.0,0
9846,tt0090180,0.0,6000000 
23719,tt0111477,0.0,0
10166,tt0100944,0.0,0
6069,tt0094332,0.0,22000000 
12545,tt0070239,0.0,0
1594,tt0058586,0.0,0
37749,tt0076327,0.0,0
22584,tt0037382,0.0,0
21779,tt0060980,0.0,3500000 
19361,tt0111218,0.0,0
19345,tt0090738,0.0,10500000 
10433,tt0107473,0.0,19000000 
11024,tt0331632,0.0,80000000 
10544,tt0277941,0.0,0
13573,tt0301976,0.0,0
41857,tt0062708,0.0,4450000 
12239,tt0086058,0.0,6500000 
883,tt0379217,0.0,0
17993,tt0099762,0.0,0
41003,tt0103251,0.0,0
17538,tt0073636,0.0,0
34328,tt0102467,0.0,0
14684,tt0105327,0.0,18000000 
32430,tt0037536,0.0,0
16113,tt0090927,0.0,12000000 
25389,tt0107529,0.0,13000000 
9545,tt0108171,0.0,0
31112,tt0080461,0.0,0
11060,tt0099850,0.0,0
11030,tt0086637,0.0,0
29235,tt0056368,0.0,1250000 
32450,tt0103872,0.0,0
10652,tt0093137,0.0,0
19086,tt0099399,0.0,0
15392,tt0090888,0.0,0
11548,tt0092494,0.0,25000000 
16214,tt0077696,0.0,6000000 
28219,tt0367790,0.0,0
65137,tt0106877,0.0,0
35151,tt0093175,0.0,0
11546,tt0110857,0.0,6200000 
886,tt0059037,0.0,0
3515,tt0319531,0.0,0
6081,tt0078163,0.0,12000000 
11584,tt0093886,0.0,12000000 
21871,tt0088224,0.0,0
10742,tt0331952,0.0,0
31948,tt0077629,0.0,0
41925,tt0099292,0.0,0
32644,tt0086494,0.0,0
22976,tt0090729,0.0,0
52936,tt0104503,0.0,0
45335,tt0061595,0.0,0
36912,tt0086370,0.0,0
124029,tt0110518,0.0,0
29979,tt0339147,0.0,0
33345,tt0092133,0.0,0
31117,tt0270846,0.0,20000000 
1653,tt0318462,0.0,0
11177,tt0089560,0.0,8000000 
35101,tt0081031,0.0,6000000 
26108,tt0368658,0.0,0
13644,tt0101301,0.0,0
11099,tt0364343,0.0,0
16131,tt0360130,0.0,0
16248,tt0088979,0.0,0
877,tt0023427,0.0,0
13671,tt0056262,0.0,4240000 
27277,tt0062472,0.0,0
42449,tt0071604,0.0,0
10711,tt0073018,0.0,4340000 
19740,tt0073075,0.0,5000000 
18966,tt0079489,0.0,0
13633,tt0085210,0.0,0
30707,tt0086355,0.0,12000000 
47892,tt0086374,0.0,0
22998,tt0086450,0.0,9000000 
47874,tt0087482,0.0,6000000 
16082,tt0090319,0.0,0
60778,tt0099460,0.0,10000000 
10485,tt0099654,0.0,0
31696,tt0102220,0.0,15000000 
25674,tt0102913,0.0,0
40082,tt0104802,0.0,15500000 
31962,tt0105391,0.0,0
41661,tt0107685,0.0,8000000 
11067,tt0110442,0.0,25000000 
35638,tt0120126,0.0,0
54491,tt0206367,0.0,0
38901,tt0285727,0.0,0
11420,tt0379225,0.0,0
1843,tt0388888,0.0,0
51363,tt0396271,0.0,0
8357,tt0399877,0.0,0
9692,tt0361127,0.0,0
842,tt0364961,0.0,0
9953,tt0369672,0.0,0
47876,tt0081063,0.0,0
21030,tt0099342,0.0,0
20196,tt0095560,0.0,13000000 
135473,tt0101404,0.0,0
118075,tt0119209,0.0,0
52778,tt0088330,0.0,0
12721,tt0089695,0.0,0
37527,tt0104139,0.0,0
9688,tt0378947,0.0,0
23916,tt0078056,0.0,0
22434,tt0102095,0.0,0
12778,tt0109936,0.0,0
44181,tt0376717,0.0,0
20187,tt0072926,0.0,9000000 
13409,tt0403537,0.0,0
14287,tt0360216,0.0,0
113178,tt0192766,0.0,0
25007,tt0361498,0.0,0
11171,tt0370986,0.0,0
14750,tt0089601,0.0,0
20941,tt0387914,0.0,0
33693,tt0327753,0.0,0
1665,tt0403217,0.0,0
17824,tt0089839,0.0,0
25199,tt0098453,0.0,0
445,tt0387898,0.0,EUR8000000 
17186,tt0403016,0.0,16000000 
1546,tt0318761,0.0,4000000 
15155,tt0291928,0.0,0
17386,tt0086192,0.0,700000 
9074,tt0399327,0.0,33000000 
8923,tt0385002,0.0,0
5471,tt0402057,0.0,0
11931,tt0388125,0.0,0
191599,tt0447016,0.0,0
13994,tt0368222,0.0,0
10033,tt0433400,0.0,0
9927,tt0267891,0.0,0
9681,tt0402894,0.0,0
9900,tt0456554,0.0,0
9918,tt0385726,0.0,0
16553,tt0412922,0.0,0
15363,tt0437777,0.0,0
1544,tt0421994,0.0,7900000 
14609,tt0491703,0.0,0
98864,tt0081414,0.0,0
16070,tt0493459,0.0,0
27201,tt0077372,0.0,9000000 
16367,tt0434124,0.0,0
18484,tt0413466,0.0,0
15402,tt0404802,0.0,0
4474,tt0465624,0.0,30000000 
7549,tt0446059,0.0,0
9513,tt0455499,0.0,60000000 
9917,tt0456020,0.0,0
10118,tt0433412,0.0,0
24115,tt0462346,0.0,26000000 
11652,tt0445990,0.0,40000000 
1249,tt0427969,0.0,28000000 
15213,tt0430779,0.0,35000000 
10070,tt0426459,0.0,3200000 
13364,tt0814075,0.0,0
8194,tt0473488,0.0,0
1123,tt0437232,0.0,14000000 
21710,tt0486585,0.0,0
9969,tt0790604,0.0,0
2357,tt0499603,0.0,0
10032,tt0480271,0.0,0
1730,tt0460829,0.0,0
4283,tt0772193,0.0,0
7457,tt0426883,0.0,0
1257,tt0490084,0.0,0
14761,tt0380268,0.0,0
4169,tt0401997,0.0,0
1253,tt0443456,0.0,0
11199,tt0486946,0.0,0
14055,tt0477095,0.0,0
2267,tt0768212,0.0,0
50185,tt0101725,0.0,0
15664,tt0458367,0.0,0
20405,tt0492481,0.0,0
6145,tt0488120,0.0,0
14636,tt0443473,0.0,0
1950,tt0338216,0.0,55000000 
13171,tt0458364,0.0,0
19947,tt0088678,0.0,0
10063,tt0455362,0.0,0
1990,tt0842929,0.0,3000000 
12695,tt0086366,0.0,0
19606,tt0085678,0.0,19000000 
31652,tt0089572,0.0,7000000 
16083,tt0432289,0.0,8000000 
10074,tt0787475,0.0,0
5956,tt0808331,0.0,0
6535,tt0796368,0.0,0
23495,tt0775566,0.0,0
9750,tt0424823,0.0,0
15156,tt0775488,0.0,8000000 
10961,tt0437857,0.0,0
14313,tt0800027,0.0,0
4520,tt0857265,0.0,0
5708,tt0421082,0.0,EUR4500000 
15651,tt0912583,0.0,0
5718,tt0388182,0.0,10000000 
2284,tt0457419,0.0,65000000 
26990,tt0841032,0.0,20000000 
33358,tt0424287,0.0,0
14423,tt0486578,0.0,0
14220,tt0489282,0.0,20000000 
8390,tt0832266,0.0,0
13260,tt0839980,0.0,55000000 
13493,tt0997047,0.0,0
12178,tt0970468,0.0,0
14054,tt0453548,0.0,0
32579,tt0796307,0.0,0
18633,tt0499570,0.0,0
12473,tt0857191,0.0,4000000 
8617,tt0926129,0.0,20000000 
14784,tt0460791,0.0,30000000 
13162,tt0454084,0.0,0
15281,tt1112115,0.0,0
13636,tt1151309,0.0,0
12912,tt0460745,0.0,0
14349,tt0888693,0.0,0
15654,tt0816545,0.0,0
10190,tt0787523,0.0,0
14820,tt0422783,0.0,0
14048,tt1155592,0.0,GBP1000000 
13300,tt0411475,0.0,0
13649,tt0810900,0.0,7000000 
13107,tt1029120,0.0,0
14326,tt0956038,0.0,30000000 
13401,tt0809504,0.0,0
17704,tt0113676,0.0,0
13220,tt1031280,0.0,0
3054,tt0065225,0.0,0
16409,tt1046947,0.0,0
14410,tt0472198,0.0,20000000 
14353,tt0963194,0.0,8500000 
15670,tt1142800,0.0,0
15159,tt0838232,0.0,70000000 
18781,tt0492044,0.0,10000000 
16325,tt1124039,0.0,0
16991,tt1197628,0.0,18000000 
21376,tt0079168,0.0,0
19833,tt1226774,0.0,GBP612650 
15801,tt1133991,0.0,0
16279,tt0460810,0.0,0
13532,tt0489049,0.0,3900000 
18495,tt0104283,0.0,15000000 
21583,tt1082853,0.0,0
19375,tt0476991,0.0,0
16164,tt0443559,0.0,0
40509,tt0108596,0.0,0
31544,tt0102045,0.0,0
24734,tt0102178,0.0,0
12556,tt0821640,0.0,37500000 
41183,tt0315459,0.0,0
22051,tt1185836,0.0,0
14940,tt1176251,0.0,0
16710,tt1047494,0.0,0
17336,tt1082601,0.0,0
22492,tt1229360,0.0,0
21955,tt0075086,0.0,350000 
23128,tt1313104,0.0,0
43990,tt0097782,0.0,0
19918,tt1186370,0.0,0
37190,tt0936471,0.0,0
25769,tt0806203,0.0,0
26820,tt1185431,0.0,0
48609,tt0091051,0.0,0
33295,tt1286821,0.0,0
13477,tt1185416,0.0,55000000 
99749,tt0095958,0.0,7500000 
71825,tt0104892,0.0,0
26715,tt1212974,0.0,0
32124,tt1241316,0.0,0
27583,tt1234654,0.0,0
44363,tt1323045,0.0,0
39452,tt1587707,0.0,0
68701,tt1339635,0.0,0
40662,tt1569923,0.0,0
42918,tt1396557,0.0,0
45261,tt1132193,0.0,0
45077,tt1301990,0.0,3000000 
46837,tt1523483,0.0,0
39312,tt1559549,0.0,0
43943,tt1278379,0.0,0
35458,tt1196134,0.0,0
44982,tt0798817,0.0,0
50071,tt1517252,0.0,0
53079,tt0756727,0.0,0
31007,tt1183923,0.0,0
44944,tt1405500,0.0,0
50217,tt0893412,0.0,0
52067,tt1477837,0.0,10000000 
47218,tt1481572,0.0,0
56811,tt1277936,0.0,0
59490,tt1664894,0.0,0
55893,tt1530975,0.0,0
24926,tt0170811,0.0,0
57120,tt1518812,0.0,0
57586,tt1223236,0.0,5000000 
52032,tt0843358,0.0,0
51209,tt1416801,0.0,12000000 
49020,tt1440292,0.0,0
63144,tt1787777,0.0,0
66195,tt1334553,0.0,500000 
65058,tt1864288,0.0,0
54540,tt1482393,0.0,12000000 
51993,tt1687281,0.0,0
133781,tt0093145,0.0,0
58492,tt1743720,0.0,1500000 
55244,tt1621444,0.0,0
72711,tt1319744,0.0,0
55246,tt1341341,0.0,0
23587,tt0084867,0.0,0
67273,tt1753549,0.0,0
59437,tt1533013,0.0,0
50837,tt1441326,0.0,0
72432,tt1582248,0.0,0
45156,tt1440161,0.0,0
51994,tt1700844,0.0,0
53328,tt1787816,0.0,0
91367,tt1787797,0.0,0
45320,tt1459052,0.0,0
80038,tt1720616,0.0,10000000 
46641,tt1153053,0.0,0
75301,tt1787660,0.0,0
58251,tt1426362,0.0,0
64678,tt1645080,0.0,0
83860,tt1720182,0.0,1000000 
79548,tt1838544,0.0,0
64288,tt1567233,0.0,0
74387,tt1456635,0.0,0
80767,tt1772925,0.0,0
74308,tt1683526,0.0,0
86820,tt1707391,0.0,0
74306,tt1912398,0.0,0
77881,tt1746153,0.0,0
93856,tt1991245,0.0,1000000 
72477,tt1389127,0.0,0
66025,tt1450328,0.0,0
78571,tt0455323,0.0,0
103332,tt1839492,0.0,8000000 
77953,tt1790886,0.0,95000000 
84327,tt2125666,0.0,1000000 
84184,tt1405365,0.0,0
71864,tt1462769,0.0,25000000 
84188,tt1971352,0.0,270000 
15895,tt0087127,0.0,457000 
84169,tt1845773,0.0,0
100529,tt1710417,0.0,0
84348,tt2105044,0.0,0
51996,tt1512240,0.0,0
101731,tt1839654,0.0,0
84342,tt2062996,0.0,0
84317,tt1907731,0.0,0
79697,tt1349451,0.0,0
84306,tt1872818,0.0,2000000 
59897,tt0088395,0.0,0
87826,tt1648179,0.0,42000000 
13078,tt0796302,0.0,0
82631,tt1870529,0.0,0
123105,tt1713476,0.0,0
121879,tt1226240,0.0,0
58547,tt1715873,0.0,0
98545,tt1649780,0.0,10000000 
112336,tt0975645,0.0,15700000 
20811,tt0097775,0.0,0
84185,tt1579361,0.0,0
94352,tt1792647,0.0,0
87440,tt1791614,0.0,0
139455,tt2347497,0.0,5000000 
50081,tt1680059,0.0,0
124067,tt2380247,0.0,0
134597,tt1748227,0.0,7500000 
87496,tt1381404,0.0,2000000 
23976,tt1213832,0.0,0
127505,tt2239400,0.0,0
114562,tt1885335,0.0,0
83890,tt1907707,0.0,3000000 
110398,tt2059255,0.0,0
87436,tt1935896,0.0,0
89008,tt1313139,0.0,0
129112,tt2258858,0.0,0
102362,tt2101341,0.0,30000000 
127372,tt2103264,0.0,0
60281,tt1595656,0.0,0
13647,tt0903135,0.0,0
63686,tt1667903,0.0,0
30675,tt1483025,0.0,0
166076,tt2617456,0.0,0
174321,tt2055765,0.0,0
139933,tt1959438,0.0,0
121986,tt2347569,0.0,0
121677,tt2032557,0.0,0
159154,tt1824254,0.0,0
159117,tt2450186,0.0,0
112200,tt1932718,0.0,0
111969,tt2205697,0.0,0
157354,tt2334649,0.0,900000 
29345,tt0096246,0.0,0
77663,tt1480295,0.0,0
172533,tt2265398,0.0,0
77664,tt0101343,0.0,0
158999,tt2545118,0.0,0
154282,tt2364949,0.0,0
152748,tt2388637,0.0,0
83899,tt1853739,0.0,1000000 
29231,tt0113394,0.0,0
146223,tt2218003,0.0,15000000 
169813,tt2370248,0.0,0
209263,tt2390361,0.0,8000000 
172828,tt2274570,0.0,0
17025,tt0810951,0.0,0
38093,tt1407061,0.0,0
78235,tt0088765,0.0,0
156566,tt0047400,0.0,0
121674,tt1836808,0.0,0
67530,tt0085867,0.0,0
203833,tt0816442,0.0,19000000 
41602,tt1196948,0.0,0
214083,tt1638364,0.0,0
115283,tt1311060,0.0,0
159128,tt2309021,0.0,0
159932,tt1540741,0.0,0
210047,tt2511428,0.0,0
158907,tt1999987,0.0,0
242076,tt2212008,0.0,0
248774,tt2910274,0.0,0
46460,tt0080116,0.0,0
164184,tt1390398,0.0,0
16167,tt1063056,0.0,0
173455,tt2737310,0.0,0
63143,tt1398949,0.0,0
110112,tt1815852,0.0,0
244509,tt1179031,0.0,0
50767,tt0109098,0.0,0
214030,tt2258345,0.0,0
38980,tt0088402,0.0,0
188166,tt2359024,0.0,420000 
47901,tt0078034,0.0,0
192149,tt1976000,0.0,31000000 
254474,tt2784512,0.0,0
192133,tt2402085,0.0,0
163376,tt0061927,0.0,0
94671,tt1781840,0.0,0
157851,tt2172584,0.0,15000000 
250658,tt3268458,0.0,0
169607,tt2714900,0.0,0
244267,tt2884206,0.0,0
214075,tt2380331,0.0,0
27906,tt1192620,0.0,0
239566,tt2473602,0.0,30000000 
242643,tt3139086,0.0,0
243935,tt2481480,0.0,0
174337,tt2140577,0.0,0
220289,tt2866360,0.0,50000 
244517,tt2920808,0.0,1000000 
244772,tt1571249,0.0,0
27286,tt0430916,0.0,0
244264,tt2034031,0.0,5000000 
42493,tt0066927,0.0,0
157825,tt2238050,0.0,0
267480,tt3521134,0.0,0
286554,tt2140619,0.0,0
38084,tt0097527,0.0,3000000 
157829,tt3729920,0.0,3000000 
244268,tt2639344,0.0,0
289727,tt2509850,0.0,0
200727,tt1638002,0.0,0
225044,tt3104818,0.0,0
32079,tt0097074,0.0,0
105528,tt1894561,0.0,0
290542,tt1198156,0.0,0
45256,tt0059112,0.0,0
73091,tt0093143,0.0,0
164251,tt1247690,0.0,30000000 
22585,tt0100631,0.0,0
293310,tt4044364,0.0,0
246080,tt2261331,0.0,GBP8000000 
284296,tt2784678,0.0,12000000 
243684,tt3179568,0.0,16000000 
29628,tt0085551,0.0,5500000 
59439,tt1621426,0.0,0
42012,tt0097991,0.0,0
20177,tt1161064,0.0,2000000 
181330,tt2609912,0.0,2500000 
239562,tt2465140,0.0,8000000 
47212,tt0092751,0.0,0
109161,tt0094021,0.0,19000000 
29077,tt0088851,0.0,13000000 
54602,tt1312254,0.0,0
246011,tt2402985,0.0,0
86059,tt0061502,0.0,0
77874,tt1687277,0.0,0
46743,tt0091706,0.0,0
45774,tt0095629,0.0,0
44998,tt1322264,0.0,1000000 
154093,tt0047413,0.0,0
58936,tt1549571,0.0,0
47638,tt0088006,0.0,0
156277,tt1462411,0.0,0
302429,tt4191054,0.0,0
280002,tt2714380,0.0,0
309298,tt3534282,0.0,0
249688,tt3416744,0.0,0
310121,tt3236120,0.0,0
309242,tt2349144,0.0,6000000 
309245,tt2872462,0.0,0
245706,tt2273657,0.0,0
288036,tt3165612,0.0,0
319091,tt4185572,0.0,0
283330,tt3090634,0.0,0
308024,tt3844362,0.0,0
294132,tt3824412,0.0,0
308032,tt0420293,0.0,0
193687,tt1598642,0.0,7500000 
15926,tt1178640,0.0,0
86835,tt2101383,0.0,0
78691,tt0093986,0.0,4500000 
271164,tt2517044,0.0,0
13842,tt0477392,0.0,0
288789,tt3675568,0.0,0
228203,tt2097298,0.0,17000000 
228968,tt2917388,0.0,0
31281,tt0099656,0.0,0
51434,tt0099606,0.0,CAD22000000 
241855,tt3395184,0.0,0
2189,tt0090184,0.0,0
89909,tt0098557,0.0,0
253626,tt3297330,0.0,0
253303,tt2656588,0.0,0
287587,tt3318750,0.0,0
284289,tt2911668,0.0,0
70758,tt1638979,0.0,0
175112,tt2483260,0.0,0
250734,tt2935476,0.0,GBP12000000 
34134,tt1610301,0.0,0
257521,tt1761005,0.0,1500000 
245906,tt1767372,0.0,0
307931,tt2415458,0.0,0
271714,tt0903657,0.0,10000000 
192142,tt2316868,0.0,0
5302,tt0100946,0.0,0
63687,tt1541666,0.0,0
44694,tt0094743,0.0,0
280996,tt3168230,0.0,11000000 
14613,tt1259998,0.0,0
39057,tt1468843,0.0,0
25961,tt1226251,0.0,0
52653,tt1562899,0.0,0
259963,tt2624412,0.0,0
284286,tt3062976,0.0,0
283350,tt0443465,0.0,0
310133,tt3813310,0.0,800000 
56821,tt0087589,0.0,0
261036,tt2637378,0.0,0
32671,tt0415833,0.0,500000 
241843,tt2490326,0.0,0
324308,tt4425064,0.0,0
338928,tt3065132,0.0,0
318279,tt2545428,0.0,0
312827,tt3317522,0.0,0
296523,tt2461520,0.0,0
284294,tt3505712,0.0,0
290637,tt3733778,0.0,0
40251,tt0108577,0.0,0
318954,tt2433040,0.0,0
285689,tt2049586,0.0,0
243352,tt3200980,0.0,0
306947,tt2400463,0.0,0
334536,tt3286052,0.0,0
84071,tt0097971,0.0,0
218784,tt1817771,0.0,0
109894,tt1536374,0.0,0
45147,tt0102996,0.0,0
97632,tt2175927,0.0,1000000 
339527,tt1291570,0.0,0
36361,tt0077699,0.0,0
207936,tt2338424,0.0,0
326425,tt4382872,0.0,12000000 
323929,tt4266638,0.0,0
336313,tt2141773,0.0,0
312669,tt3471098,0.0,0
331962,tt4019560,0.0,6000000 
373472,tt5278464,0.0,0
376530,tt3882074,0.0,0
333377,tt3270538,0.0,0
42588,tt0065775,0.0,0
316000,tt0790770,0.0,0
24654,tt0499596,0.0,0
301348,tt2093991,0.0,0
353326,tt0787524,0.0,10000000 
356298,tt4972062,0.0,0
358895,tt4630444,0.0,0
291264,tt2097331,0.0,0
258509,tt2974918,0.0,90000000 
351454,tt4698584,0.0,0
339928,tt4002772,0.0,200000 
301804,tt3174376,0.0,0
341012,tt3960412,0.0,20000000 
245913,tt0995868,0.0,0
168098,tt0775440,0.0,0
373476,tt4230700,0.0,0
267192,tt1703957,0.0,0
337874,tt4437216,0.0,0
390734,tt5595168,0.0,0
336455,tt2597892,0.0,0
382399,tt3451230,0.0,0
340485,tt3721936,0.0,0
374617,tt4781612,0.0,0
340487,tt4468634,0.0,0
347033,tt3958780,0.0,0
371449,tt4158876,0.0,0
41281,tt0828065,0.0,0
301334,tt2315582,0.0,0
291356,tt3608930,0.0,0
397243,tt3289956,0.0,0
416477,tt5462602,0.0,5000000 
297160,tt3322892,0.0,0
346681,tt1781058,0.0,0
336000,tt2378507,0.0,9000000 
367147,tt5173032,0.0,0
401546,tt3203620,0.0,0
14611,tt0803093,0.0,0
15982,tt0089470,0.0,0
396810,tt5023260,0.0,0
26452,tt0085672,0.0,2500000 
413998,tt4411596,0.0,0
425751,tt5655222,0.0,1200000 
405775,tt4218696,0.0,0
425134,tt4795124,0.0,10000000 
426253,tt5770620,0.0,0
39348,tt0805604,0.0,0
21947,tt0109144,0.0,0
57204,tt0092104,0.0,0
80211,tt0088385,0.0,0
86231,tt0095362,0.0,0
139300,tt2167970,0.0,8000000 
411012,tt4287434,0.0,0
429200,tt4846232,0.0,4500000 
