"","rho.runtime","rho.title_length","rho.log_budget_final","rho.actor_logrev_of_past_2_years_0","rho.actor_logrev_of_past_2_years_1","rho.actor_logrev_of_past_2_years_2","rho.actor_logrev_of_past_2_years_3","rho.actor_logrev_of_past_2_years_4","rho.actor_logrev_of_past_5_years_0","rho.actor_logrev_of_past_5_years_1","rho.actor_logrev_of_past_5_years_2","rho.actor_logrev_of_past_5_years_3","rho.actor_logrev_of_past_5_years_4","rho.actor_logrev_of_past_10_years_0","rho.actor_logrev_of_past_10_years_1","rho.actor_logrev_of_past_10_years_2","rho.actor_logrev_of_past_10_years_3","rho.actor_logrev_of_past_10_years_4","rho.director_logrev_of_past_2_years_0","rho.director_logrev_of_past_5_years_0","rho.director_logrev_of_past_10_years_0","rho.gender_score","rho.has_oscar_winner","rho.popular_genre","rho.first_in_collection","rho.sequel","rho.major","rho.minor","rho.medium","rho.Action","rho.Adventure","rho.Animation","rho.Comedy","rho.Crime","rho.Documentary","rho.Drama","rho.Family","rho.Fantasy","rho.Foreign","rho.History","rho.Horror","rho.Music","rho.Mystery","rho.Romance","rho.Science.Fiction","rho.TV.Movie","rho.Thriller","rho.War","rho.Western","rho.actor_is_top_100_of_past_2_years_0","rho.actor_is_top_100_of_past_2_years_1","rho.actor_is_top_100_of_past_2_years_2","rho.actor_is_top_100_of_past_2_years_3","rho.actor_is_top_100_of_past_2_years_4","rho.actor_is_top_100_of_past_5_years_0","rho.actor_is_top_100_of_past_5_years_1","rho.actor_is_top_100_of_past_5_years_2","rho.actor_is_top_100_of_past_5_years_3","rho.actor_is_top_100_of_past_5_years_4","rho.actor_is_top_100_of_past_10_years_0","rho.actor_is_top_100_of_past_10_years_1","rho.actor_is_top_100_of_past_10_years_2","rho.actor_is_top_100_of_past_10_years_3","rho.actor_is_top_100_of_past_10_years_4","rho.director_is_top_50_of_past_2_years_0","rho.director_is_top_50_of_past_5_years_0","rho.director_is_top_50_of_past_10_years_0"
"runtime",1,-0.0801478739687024,0.336595262763934,0.210890383471734,0.175052238101437,0.145309799887288,0.117518225782306,0.114167518845961,0.200129493810521,0.176575675778663,0.162430653775152,0.164743678991865,0.147887297367663,0.187383536508617,0.156092298226735,0.132682832293626,0.161908153054651,0.145923149799169,0.11697794983648,0.133555216311004,0.135989578829546,-0.00459753571518395,0.390809356244306,0.345800402549263,-0.114082015960964,-0.0134571161856276,0.05898331264099,-0.0892796925304807,0.100567543121456,0.113361970221063,0.128602203596616,-0.499048541579689,-0.332426205965927,0.0984898891290527,-0.292921392931338,0.36833039005226,-0.304800724972902,-0.0267955999267754,-0.212474793177084,0.709702682605952,-0.242440165866378,-0.000296666926396499,0.107343142589108,0.0442552320632142,-0.0321580543523184,-0.247405027804042,0.0790289169850549,0.482233138743635,0.301954390697729,0.217586285437085,0.188774826989356,0.20094452144033,0.186179848266939,0.168398078028407,0.239615152856537,0.231885286824498,0.227209714055518,0.208619592125817,0.105811623812745,0.261234740965364,0.233076958254311,0.167929954101198,0.133465041734272,0.0986060737496762,0.257327912459667,0.349030872201137,0.370962805175807
"title_length",-0.0801478739687024,1,0.0036646651505353,-0.00910572732075224,-0.0346669356270967,-0.0261740693711043,-0.00730343130552311,0.0155682487864713,-0.00095667662735399,-0.0158598962374129,-0.0146592515756936,0.00707959312818284,0.0304060144064342,-0.000250412943201642,-0.00852343665967681,-0.0128197166516868,-0.00479246912404168,0.0187203738607924,-0.00187578902927872,0.00890417324124652,0.0135369586520394,-0.00462790848081127,-0.0738412006696378,-0.209543372346918,-0.00864507798157744,0.66010171204773,0.077037293955772,-0.0546202895598684,-0.0423683243957344,-0.00114945902281362,0.201230776400706,0.148187086122392,0.112571955978036,-0.0816742215504968,0.176598414588526,-0.207869217527775,0.195980918372331,0.101264994189968,-0.137880113288964,-0.082341690208604,-0.0218872646016958,0.027741121137788,-0.116373316369395,-0.0429155639252963,0.0554238793215831,-0.246351354411983,-0.15424853520451,-0.022897237031378,-0.0188060029388087,-0.0352328318520417,-0.0878800142133974,-0.0411144985679506,-0.037299605826662,0.0635577126874504,-0.048120618496239,-0.0852598035917828,-0.0513744136386339,-0.0327496852113666,0.0349316917143627,-0.0640913857827533,-0.077058639364958,-0.0621973996590182,-0.0388161931028081,0.105391951976006,-0.0187066535372353,-0.00988813884265119,-0.0159262295554601
"log_budget_final",0.336595262763934,0.0036646651505353,1,0.354874030507808,0.290429052495323,0.211724645556801,0.193731903980318,0.166645172769855,0.378491104409682,0.32700425210461,0.260169515111148,0.272280838674445,0.230044359485171,0.366994872618649,0.313223817602533,0.241016012838059,0.264083035535556,0.257807436650013,0.213192246049203,0.296452768894735,0.319330809615773,0.00276360885399463,0.260887278036651,-0.102370328659467,-0.00318454192124136,0.211536795714221,0.335607880141062,-0.280826615517464,0.116554675082763,0.295457223836186,0.400187804137049,0.305193304606634,-0.0226983997895522,0.0348385011122997,-0.48371700714804,-0.128708515008716,0.265228659400175,0.266654528094261,-0.404737667012281,0.158086663199997,-0.288007343478996,-0.0243756889956171,0.0588963087603788,-0.0589942846256606,0.152755082943377,-0.272881024757822,0.0690243367871755,0.16743172196486,0.127165685434321,0.329909490343853,0.285780689383426,0.297799279615369,0.193855858887838,0.225460431248173,0.403998935132328,0.31327152384852,0.279383969086476,0.218909187699277,0.197460147094739,0.419372940462757,0.337087133447482,0.251584090715698,0.197759360476182,0.221263392310157,0.266018710439131,0.352658785567896,0.3581704082164
"actor_logrev_of_past_2_years_0",0.210890383471734,-0.00910572732075224,0.354874030507808,1,0.294562120464931,0.211220479521177,0.203405794143392,0.144963610824434,0.731992527582754,0.282636036014567,0.220763592895159,0.226876638484065,0.140942278061186,0.650331731601863,0.277757974852026,0.213568933167964,0.220672488444394,0.174309251059125,0.13860902196329,0.155424507791424,0.167276252288482,0.00528153274580676,0.209202562501242,0.0796231299345053,-0.0785604096386388,0.0601374011824008,0.134144171075149,-0.155307469115343,0.0925376331180566,0.103943920946938,0.100299984786443,-0.104273376336033,0.0250469995211319,0.119432608848228,-0.505965135923114,0.0516756414907523,-0.0465707186805019,0.0112026854219068,-0.320172453896737,0.0919459141576865,-0.153656102007643,-0.0424468057089847,0.0468307996636,0.053571502159177,0.0129777241747124,-0.255383780048818,0.0708698375499101,0.0338275524420106,0.161404832615907,0.438646624077411,0.180357909798822,0.132859068353701,0.174172657918717,0.138340693475932,0.498815696201074,0.217426447783514,0.129976038265057,0.138190734394996,0.0715114274243028,0.461957580226292,0.215973969798846,0.0994176355319384,0.0814368743619212,0.0897414631095059,0.177647562613267,0.155121214882051,0.159638705518111
"actor_logrev_of_past_2_years_1",0.175052238101437,-0.0346669356270967,0.290429052495323,0.294562120464931,1,0.276065415373271,0.239842425265958,0.21617112482374,0.289813953137874,0.721545624948762,0.267118176703608,0.237158024817349,0.182330782614462,0.275900942445329,0.636784737056331,0.244172453270283,0.240576727642034,0.1891744474646,0.122141760956258,0.145773791492751,0.131253673887667,0.0093351144224996,0.227501708188109,0.0261940761033285,-0.0558943257285783,0.0515420585968534,0.0935460509730271,-0.135736879569369,0.0932664401279171,0.0792362464785413,0.149606557200518,0.00486369715381167,0.0418116125583617,0.066684879739479,-0.393952388959839,0.00019687267387727,-0.0232246841275566,0.0544615179093838,-0.30994272236648,0.0230944187984832,-0.138472663235085,-0.0440001733948683,0.0394306324975671,0.038995069625814,-0.020845439436078,-0.407296114515598,0.0575362008382714,0.0140186994040109,0.127974147391406,0.219585097279093,0.573934981017102,0.176182854345052,0.171192664839553,0.186649704563936,0.271234863449897,0.56174088384944,0.248200468106726,0.183346627534913,0.15171853871978,0.264833798179602,0.486217762149974,0.207694084915758,0.125700015486375,0.104348027753738,0.15203518591624,0.196042783259951,0.144436850930578
"actor_logrev_of_past_2_years_2",0.145309799887288,-0.0261740693711043,0.211724645556801,0.211220479521177,0.276065415373271,1,0.285159777184014,0.289887467636571,0.198043179173646,0.240537445572804,0.683320802019475,0.219727450576458,0.205054083173061,0.18954046136765,0.231004813458622,0.613649721635847,0.218141274683509,0.232196966215574,0.103933123543571,0.0945733092087557,0.0987045190751226,0.010394322818154,0.195073585827627,0.0206775651043779,-0.0502217106145277,0.0887952551810875,0.0850139283017523,-0.0971027721176082,0.0670365880703268,0.0769794108365337,0.111653091732313,-0.0170735130684676,-0.000106671365611553,0.0748847783780639,-0.319835598547717,0.00725060083932262,0.00414120207242044,0.090230148443506,-0.249389561694941,0.0233137939382847,-0.113536089428776,-0.049745202747589,0.0986002303135105,-0.00459726297548479,0.0311221595238294,-0.0857329942670369,0.0604454896464881,-0.00888948451603492,0.0851932593817818,0.189987398225971,0.172351583679757,0.575437099843414,0.180023477230256,0.122325708221167,0.181960860294694,0.167211447742334,0.554033060665026,0.173987448700803,0.197056763207428,0.193056821599632,0.182114505277263,0.499898436856461,0.168156557310524,0.229899141549522,0.145475222501696,0.115302780107611,0.138180912313089
"actor_logrev_of_past_2_years_3",0.117518225782306,-0.00730343130552311,0.193731903980318,0.203405794143392,0.239842425265958,0.285159777184014,1,0.40351475957292,0.156108904301431,0.161295878027073,0.1918729659317,0.653095542259554,0.25852807818519,0.146852286164182,0.14915193791711,0.187728375312079,0.566821080805049,0.246789207120634,0.0829381285654538,0.106349622902794,0.0955562911115254,0.00646476509911018,0.170549571278794,-0.00989957849789544,-0.0123779777091748,0.0450569496575486,0.0859349034710861,-0.105914260695356,0.0628913030498457,0.0390150160921918,0.113452658083943,0.0755099600502691,0.0476270897528673,0.0171813988843908,-0.267256754303177,-0.0234881733823821,0.0840506182177293,0.0609758216774005,-0.202720071637975,0.0330739415938339,-0.154863304702111,-0.0569692559370322,-0.0132608500143555,0.0263998347616295,0.0280060889195838,-0.0397425637192018,-0.00803564493576387,-0.0641697147871488,0.0102970001496502,0.160447502526779,0.145119039716446,0.185693119032055,0.585604433779098,0.148204893805366,0.174605372705995,0.141722980476742,0.174893642897901,0.644237837058207,0.239154988248173,0.161808167120317,0.126344739535202,0.209688512351416,0.541321583991797,0.220293960347206,0.144479968184841,0.15500434484836,0.140983779029341
"actor_logrev_of_past_2_years_4",0.114167518845961,0.0155682487864713,0.166645172769855,0.144963610824434,0.21617112482374,0.289887467636571,0.40351475957292,1,0.128648413966204,0.135294524906016,0.150870015127741,0.247625320737861,0.648404179436543,0.11774376768389,0.121290522214665,0.127217880138327,0.2170656045741,0.551729612399191,0.0980077863158195,0.0945701081265708,0.0920982092211935,0.00146383190491916,0.176806525452429,0.0095493141961019,-0.00485499396406879,0.0506454032363995,0.0748830787371137,-0.111703625510338,0.0716466441788222,0.0725826839422576,0.133574188437744,0.072998098125852,0.0430690727637012,0.0183255738414944,-0.248254603949744,0.00598947688615397,0.0644082299612518,0.0573753252443418,-0.182925005122352,0.103155874353448,-0.111595880909142,-0.0168166651624099,0.007267450424599,-0.0215635892423391,0.0564262065853943,-0.0137182117543721,0.0221094361670389,0.0367657576649848,-0.034836512618702,0.0946655515939707,0.140561404871673,0.130154974752966,0.136665590384218,0.667481729056891,0.104561695486405,0.166080018276957,0.130376304844188,0.13104624645075,0.604986752506942,0.0960716844073672,0.131964945059364,0.105660492071369,0.182418767591542,0.555557685263893,0.089614122982501,0.1238199543208,0.122157169888843
"actor_logrev_of_past_5_years_0",0.200129493810521,-0.00095667662735399,0.378491104409682,0.731992527582754,0.289813953137874,0.198043179173646,0.156108904301431,0.128648413966204,1,0.299208750528504,0.246105689429793,0.213455815087936,0.164849366368868,0.87191691342365,0.309119224672435,0.229852490112868,0.225709722035293,0.190401912653137,0.137141420686788,0.175996298942962,0.196879021453385,0.012700529532026,0.254693916781625,0.0928035737721797,-0.108820277284358,0.11196665067676,0.147875387991101,-0.167328408565935,0.0995446814202395,0.0842594052405998,0.0766651692201568,-0.0707143789344383,0.0433278560111652,0.12239530642132,-0.625356571005258,0.0668663935986615,-0.0445354388922843,-0.00445204293243462,-0.492468995322969,0.125460414848866,-0.134896940552455,-0.0647462823385259,0.0558686537180902,0.051378446828745,0.0101341527179157,-0.374770050351801,0.108965373618011,0.087276563830644,0.15437293265967,0.337007966859292,0.218668573824778,0.132694740539767,0.163197417985274,0.133149861911917,0.400797757032989,0.238133467325762,0.156496151720612,0.139204014507722,0.0981198573596968,0.413613118696043,0.243256047813095,0.138150825039062,0.0821630158042063,0.0874294365844321,0.121660304503797,0.166377420803075,0.166090292831146
"actor_logrev_of_past_5_years_1",0.176575675778663,-0.0158598962374129,0.32700425210461,0.282636036014567,0.721545624948762,0.240537445572804,0.161295878027073,0.135294524906016,0.299208750528504,1,0.292887587840031,0.226690841190288,0.168555932622738,0.293662438487878,0.867367571229677,0.2828587400196,0.23353432761195,0.180748408858584,0.109070987794437,0.13334452343022,0.122114296086239,0.00904206131234562,0.26400397045896,0.0440114060730073,-0.034713534878303,0.12583606928252,0.125937599401874,-0.15249482776994,0.0939724591286037,0.0940614659861356,0.153103615033502,0.0497839240800592,0.0453362601518285,0.0841416361631594,-0.496801658636588,0.0081289928343077,0.0026151934675081,0.0818314466860499,-0.4029695727177,-0.0108300687321294,-0.108058059567929,-0.0957679918485828,0.0659344248475916,0.01748594137976,-0.000826802226933805,0.0347059761080314,0.0529782273824359,0.0241268894654577,0.104807919114096,0.180056734025334,0.423677499560025,0.168790998826676,0.129750062072362,0.135726618964353,0.223915269562712,0.438882186138746,0.20263026607932,0.126876607714526,0.10769258607938,0.225084031912533,0.417790967546188,0.165529942258861,0.0944793893682652,0.0622776179278628,0.0995319446816465,0.143583538531348,0.137662720493959
"actor_logrev_of_past_5_years_2",0.162430653775152,-0.0146592515756936,0.260169515111148,0.220763592895159,0.267118176703608,0.683320802019475,0.1918729659317,0.150870015127741,0.246105689429793,0.292887587840031,1,0.272844221988221,0.218862283072463,0.23940328441294,0.28601053773603,0.865192866269161,0.271425270650953,0.236540356224096,0.0881335099635547,0.110796259283209,0.126877346493055,0.0119488556286934,0.227702443353856,0.0450892167200833,-0.0573237634938462,0.150278626238624,0.115561950502094,-0.113797037988489,0.0675585400183908,0.0844031983183114,0.138300268522007,0.0280508263714698,0.00136739940996901,0.102526671621049,-0.45989240734378,0.0285470144744657,0.00168622749262482,0.0720988828227575,-0.434548974958445,0.0546242084634404,-0.0900747918488321,-0.0792641741911358,0.0877651087426442,-0.0118720302125022,0.00888508517713791,-0.197609273035846,0.0619401588819606,0.0175585315227876,0.110777579797893,0.173853525366261,0.180269062665768,0.445324142898082,0.142290831993252,0.109204281912312,0.177039793826258,0.205279131782275,0.462693519986276,0.151719936399544,0.127060509740544,0.184534126738121,0.218359260103554,0.442071869289555,0.16916003112398,0.143373622974187,0.0958368142484124,0.120838347382636,0.132213570736191
"actor_logrev_of_past_5_years_3",0.164743678991865,0.00707959312818284,0.272280838674445,0.226876638484065,0.237158024817349,0.219727450576458,0.653095542259554,0.247625320737861,0.213455815087936,0.226690841190288,0.272844221988221,1,0.302399682240175,0.209356493323752,0.210625255476284,0.262160944300873,0.842973743767358,0.275579533865559,0.0922593929867857,0.125792290546649,0.114903578716721,0.00913795313220416,0.213157166449549,0.00336555184494548,-0.0428506024192309,0.111862828148735,0.111486412415172,-0.117470781227077,0.0676233497345371,0.0554063160626979,0.103846650739478,0.0970126700617398,0.0475359006482057,0.0377534995928576,-0.347376241219265,-0.00400666243454803,0.0772746813905833,0.0668818556947569,-0.339943106766232,0.0271247851136234,-0.194552865207402,-0.0749150611470998,0.0105462449614931,0.0245403147696394,0.0249401474080991,-0.117494569448649,0.00575888771573399,-0.0472805145397958,0.0269859647791972,0.210108521992607,0.215566476042809,0.257455928816986,0.466650276297002,0.2201250161877,0.243316160925993,0.245127501628773,0.261333478218193,0.534629792179711,0.29540262088014,0.247671506979993,0.21537038925403,0.258006729263733,0.502880853608348,0.291557645577253,0.13996863191398,0.182169956967017,0.195278142345621
"actor_logrev_of_past_5_years_4",0.147887297367663,0.0304060144064342,0.230044359485171,0.140942278061186,0.182330782614462,0.205054083173061,0.25852807818519,0.648404179436543,0.164849366368868,0.168555932622738,0.218862283072463,0.302399682240175,1,0.155670388115745,0.148715398652559,0.179805443619919,0.249037001693339,0.788839063385409,0.0996689201481748,0.104805454253264,0.109631427427537,0.000240273435849805,0.181247525071938,0.0378619792005185,-0.0104055962693308,0.0660943171926668,0.11319612935662,-0.12459403152802,0.0633276474709721,0.0957111666343651,0.141854906209484,0.120807645757691,0.0432553431624645,0.0648061105719782,-0.30707932679964,0.0226451980464117,0.0963109463428461,0.0550637048425081,-0.312324120809001,0.0799330282254367,-0.148058003974738,-0.0608117085458452,0.00385648089116526,-0.0284544725508652,0.0499364492203533,-0.0837610882074181,0.0520419357378432,0.0342583376419615,-0.0570558187733554,0.123803375244456,0.184272407813128,0.145771204136696,0.161621544472914,0.58791539404494,0.16643943350947,0.184861897288125,0.169787739690307,0.192925970427576,0.573180359173913,0.153348206236302,0.157126711489624,0.153515166699775,0.217778792631797,0.563352746220541,0.111638551185074,0.174695645172704,0.134672387341571
"actor_logrev_of_past_10_years_0",0.187383536508617,-0.000250412943201642,0.366994872618649,0.650331731601863,0.275900942445329,0.18954046136765,0.146852286164182,0.11774376768389,0.87191691342365,0.293662438487878,0.23940328441294,0.209356493323752,0.155670388115745,1,0.317508970002089,0.229668660031526,0.229353097500005,0.195337672993789,0.126721021717721,0.168358466727576,0.197766277391092,0.0120151813396113,0.246057084062938,0.0831549098777355,-0.103716754253449,0.146031411177872,0.152874085268188,-0.167850485077287,0.0967222810440559,0.0990460614264438,0.0853310018676081,-0.0608323292312709,0.0448134912130566,0.126963669612843,-0.642425799537081,0.0463466365759029,-0.0252098392657979,0.0189080085101175,-0.5387569848859,0.113704174825496,-0.109439458167306,-0.0658401959957437,0.0854132846634896,0.0133979461570662,0.038032443220592,-0.532777516369551,0.109174859915632,0.0717844503181836,0.133268143336683,0.306265010423766,0.210264869869614,0.136326468815084,0.153955507095043,0.116678653206264,0.374867454726093,0.212805827365956,0.149816117839142,0.13009320139189,0.0911516698731506,0.390195989150699,0.224608442456948,0.138584328378627,0.0969394342668141,0.0711087363117767,0.104840399613378,0.173292332554618,0.171427632667128
"actor_logrev_of_past_10_years_1",0.156092298226735,-0.00852343665967681,0.313223817602533,0.277757974852026,0.636784737056331,0.231004813458622,0.14915193791711,0.121290522214665,0.309119224672435,0.867367571229677,0.28601053773603,0.210625255476284,0.148715398652559,0.317508970002089,1,0.288365243372998,0.235884842410735,0.191048813101738,0.0949693313828144,0.137117892343052,0.130837519572542,0.00746214570511534,0.2580841029779,0.0310741965270381,-0.0370768639596992,0.143515205914875,0.115977126088364,-0.147979388604478,0.092580345847389,0.109193018366009,0.148839697476194,0.0555173468159678,0.0532632951441523,0.0881820532271021,-0.511397209275417,-0.000227063023148633,0.00498967120672419,0.0917020368221788,-0.445748438642796,-0.0192716601381572,-0.0958025867343962,-0.140048069123238,0.0562925635654726,-0.00685914395204124,0.0207778538832676,-0.0938286119965958,0.0491521243202299,-0.000379761775405673,0.112517633980005,0.181726875385384,0.385491109646961,0.143852455639938,0.0983220757884681,0.143617092393603,0.222076326100166,0.405241289334034,0.177294023452218,0.103949282905625,0.114404861783457,0.221716320998839,0.388845669523429,0.153499965066992,0.0975130772544595,0.0478208588173137,0.083651456598313,0.128050019914681,0.14014274932312
"actor_logrev_of_past_10_years_2",0.132682832293626,-0.0128197166516868,0.241016012838059,0.213568933167964,0.244172453270283,0.613649721635847,0.187728375312079,0.127217880138327,0.229852490112868,0.2828587400196,0.865192866269161,0.262160944300873,0.179805443619919,0.229668660031526,0.288365243372998,1,0.28728462736116,0.228115806609093,0.0773856142749003,0.112963293325248,0.128411896275114,0.0112118705483741,0.220927739976871,0.0356316120130571,-0.0409799688289754,0.145037210351303,0.116546984963707,-0.119753759852133,0.0708047422090583,0.0761881586343176,0.136671581803103,0.0386774081377836,0.00660962945028035,0.08979490844095,-0.482045634081198,0.0223355651383105,0.0231454616001081,0.0599946601405361,-0.491301464386293,0.0581207231848315,-0.0712427296622768,-0.0749376065844734,0.0787280035595769,-0.0151086392736662,0.00115384126652683,-0.360055054654864,0.0635668889319819,0.0371596220120339,0.13353083165299,0.139443676156814,0.148373370284716,0.397591150083182,0.130887525556512,0.0741168070246741,0.142482688148505,0.179159414983704,0.408838079058772,0.132826348814541,0.0723495759010453,0.155225836966796,0.204259046584839,0.394509219996566,0.147185651608507,0.115866553173754,0.0707089636273421,0.0844738341494461,0.0981597816105866
"actor_logrev_of_past_10_years_3",0.161908153054651,-0.00479246912404168,0.264083035535556,0.220672488444394,0.240576727642034,0.218141274683509,0.566821080805049,0.2170656045741,0.225709722035293,0.23353432761195,0.271425270650953,0.842973743767358,0.249037001693339,0.229353097500005,0.235884842410735,0.28728462736116,1,0.286588931452793,0.0987469302575745,0.144883069248107,0.139173247712888,0.00779058651816638,0.205078846170322,-0.0103835145953943,-0.00929475717962515,0.116122867460806,0.101400055110365,-0.117387849719812,0.0823913325683559,0.0754144675970449,0.119929987044372,0.0881168084567628,0.0444728450721389,0.0529166864543304,-0.416472339257503,-0.0161116750367233,0.0718538084330595,0.0814405411554689,-0.421791017725244,0.0317147570914702,-0.146287325137951,-0.0697456670496387,0.0268749317711664,0.0138301484683365,0.0465996050665041,-0.299347907252724,0.0206740644889322,-0.0271514203323654,0.045547219697779,0.144299239813523,0.170762353706199,0.234720131972728,0.395782344977144,0.200002189484152,0.158138227964364,0.190407273719857,0.235988353457124,0.459222155356842,0.240283344529301,0.16175253462743,0.195272582592045,0.216019964691058,0.429223180780707,0.263445002413801,0.0834181326137012,0.119428114227492,0.140884736344285
"actor_logrev_of_past_10_years_4",0.145923149799169,0.0187203738607924,0.257807436650013,0.174309251059125,0.1891744474646,0.232196966215574,0.246789207120634,0.551729612399191,0.190401912653137,0.180748408858584,0.236540356224096,0.275579533865559,0.788839063385409,0.195337672993789,0.191048813101738,0.228115806609093,0.286588931452793,1,0.0947370123151786,0.123770066196613,0.128532979604002,0.00465516415691847,0.182808777840392,0.017902356056517,-0.00390958280899086,0.083285530221117,0.104624411603051,-0.123376013750666,0.0755711448923071,0.0828575937634895,0.151806666727638,0.145965778913707,0.0648160464032186,0.0367618323225565,-0.325057254150682,0.0122073019921373,0.126627899350117,0.0612412978753219,-0.338609900347864,0.0539429112401524,-0.146490533423485,-0.0821006569597087,0.0206918718183894,-0.0171279831433511,0.0362284035553914,-0.225937116379855,0.038425760822079,0.00159962984089716,-0.0581390534498687,0.172741255702414,0.191844091853228,0.184710893186976,0.203413336617094,0.54315091872316,0.210536096257553,0.211541130558501,0.19868388638102,0.211214030672539,0.530184860152493,0.186496239702847,0.183337003982973,0.164349273518361,0.221829781092881,0.525236013496303,0.120356273544745,0.187131651176614,0.162136823016819
"director_logrev_of_past_2_years_0",0.11697794983648,-0.00187578902927872,0.213192246049203,0.13860902196329,0.122141760956258,0.103933123543571,0.0829381285654538,0.0980077863158195,0.137141420686788,0.109070987794437,0.0881335099635547,0.0922593929867857,0.0996689201481748,0.126721021717721,0.0949693313828144,0.0773856142749003,0.0987469302575745,0.0947370123151786,1,0.594852372096198,0.485265469993534,-0.00478290016322895,0.0577855691791226,-0.00787140213996522,0.0104508014761969,0.105999789582763,0.0839531270495847,-0.098314177662972,0.0520846458334123,0.0688616508746745,0.13726155679296,-0.0140799728397278,0.00591965335830453,0.0093064206025487,-0.17703515775253,-0.0232757584111433,0.0793201088315949,0.134100689208473,-0.470607976731335,0.0713520391401009,-0.0591650403833766,-0.0288189699851637,0.0298567262872347,0.00942758971758813,0.0738035742248516,-0.0179791255008974,0.00980836094562769,0.147306509535942,0.120990354316135,0.0975597549259147,0.0929790043793645,0.112773026208826,0.0831457492710991,0.0726458266855565,0.101798261893241,0.0916384693782629,0.0974758193404633,0.0716937220886378,-0.0330454309844606,0.113916084659164,0.0811580987154742,0.125643564296826,0.0196648506339789,0.0337037360799772,0.40549461570528,0.419469857157457,0.347655380746712
"director_logrev_of_past_5_years_0",0.133555216311004,0.00890417324124652,0.296452768894735,0.155424507791424,0.145773791492751,0.0945733092087557,0.106349622902794,0.0945701081265708,0.175996298942962,0.13334452343022,0.110796259283209,0.125792290546649,0.104805454253264,0.168358466727576,0.137117892343052,0.112963293325248,0.144883069248107,0.123770066196613,0.594852372096198,1,0.794523775113893,-0.00799279420913558,0.0838553490194294,-0.0698662818983265,0.0172598156874072,0.11885578906508,0.102862063385228,-0.110073928890954,0.039196701215795,0.0891109352478298,0.174473490953514,0.0982336935797878,0.0122546544626345,-0.0379488360027901,-0.132193288705902,-0.0762594792223632,0.111802075120317,0.148313983808164,-0.376750627171782,0.0817572149675904,-0.0503211356062591,-0.00118300094235028,-0.000293533091772752,0.00812259725444697,0.0816093585401534,0.0189379120812391,-0.0282609177201232,0.118385884928968,0.143016237815425,0.050128460643174,0.0474640274977983,0.054823011390213,0.0930249539098557,0.100907498657879,0.0400740103590997,0.0718019102725741,0.0353967515413957,0.054527189787981,0.0759666690092358,0.0729557739969071,0.0822805696149004,0.027425419647984,0.00764519322703286,0.030278163488273,0.163012863805606,0.270035558742262,0.262151902538976
"director_logrev_of_past_10_years_0",0.135989578829546,0.0135369586520394,0.319330809615773,0.167276252288482,0.131253673887667,0.0987045190751226,0.0955562911115254,0.0920982092211935,0.196879021453385,0.122114296086239,0.126877346493055,0.114903578716721,0.109631427427537,0.197766277391092,0.130837519572542,0.128411896275114,0.139173247712888,0.128532979604002,0.485265469993534,0.794523775113893,1,-0.00692153579774468,0.0854574841689424,-0.0764660057356863,0.0426562330194104,0.129578224468032,0.110366062652087,-0.0992519187478526,0.0197284078577167,0.0961848049351356,0.20046135533343,0.101873903129203,0.00797601073233092,-0.0353791897844916,-0.15041197573618,-0.0792866726591656,0.130512723106171,0.157718842473854,-0.340549058693576,0.094887678072145,-0.0651527891477498,-0.0349533677090445,-0.00495458616670319,0.00874292270786791,0.0925680146728813,0.0210513446083955,-0.0283279295499846,0.0972610957683329,0.0683025178910695,0.04837936036586,0.0488517510455459,0.0500529094681961,0.0663111310562068,0.0805266619899707,0.0495187408640044,0.0621655980688531,0.0150587667631577,0.0515183981238247,0.108573527136447,0.107697658667658,0.0735192538097338,-0.02239609753561,0.00275376575189781,0.0700233416263848,0.167051242689137,0.283769351223053,0.291823718969499
"gender_score",-0.00459753571518395,-0.00462790848081127,0.00276360885399463,0.00528153274580676,0.0093351144224996,0.010394322818154,0.00646476509911018,0.00146383190491916,0.012700529532026,0.00904206131234562,0.0119488556286934,0.00913795313220416,0.000240273435849805,0.0120151813396113,0.00746214570511534,0.0112118705483741,0.00779058651816638,0.00465516415691847,-0.00478290016322895,-0.00799279420913558,-0.00692153579774468,1,-0.0400936270998458,0.0944985226414601,-0.0498494542336364,-0.10341219190652,-0.0320100057683244,-0.0541449587099713,0.0880440562588776,-0.219105895281596,-0.114954952371405,-0.901541479836109,0.156505179856975,-0.293217148981723,-0.897444223358466,0.101053974284834,-0.113102667922447,-0.190559455786673,-0.827697403921798,0.0420538090606633,0.0245309317570894,-0.0130285457596606,-0.0563885138324643,0.160577182350275,-0.223726709654833,-0.821216059150445,-0.156054263936804,-0.894320553876865,-0.822826633685179,0.0164375049026058,0.0127423732448616,-0.13103421336564,-0.0629129309616236,-0.898135575295054,-0.153923507564136,-0.13102194212825,-0.132859828017974,0.0756234187229434,-0.895074945427354,-0.148819324477371,-0.221342244113205,-0.904019445168367,-0.0230932316871457,-0.896300371863927,0.158973075863348,0.0991378048891967,-0.0712532568563159
"has_oscar_winner",0.390809356244306,-0.0738412006696378,0.260887278036651,0.209202562501242,0.227501708188109,0.195073585827627,0.170549571278794,0.176806525452429,0.254693916781625,0.26400397045896,0.227702443353856,0.213157166449549,0.181247525071938,0.246057084062938,0.2580841029779,0.220927739976871,0.205078846170322,0.182808777840392,0.0577855691791226,0.0838553490194294,0.0854574841689424,-0.0400936270998458,1,0.229661696198418,-0.176099881718512,-0.159973757688907,0.0420477414004407,-0.0816865672186977,0.0836338062708179,-0.0852870359713542,-0.0412275409529777,-0.0392212399700691,-0.102921967261167,0.109086111165451,-0.179064550181904,0.280658370139044,-0.102582516817839,-0.0181313216213334,-0.148396480004867,0.26882378093134,-0.276512334896546,-0.11712041126881,0.0643492550235821,0.140879030603349,-0.105880027162834,0.0601171225004673,0.00852720728602312,0.0629638350680607,0.0400483166273704,0.208542012284488,0.261521629435842,0.210137809730939,0.207044662156424,0.184071384206463,0.289166386418622,0.301040406775193,0.295701752070118,0.199755668400225,0.184972315309647,0.335630585624903,0.341047233549276,0.3021858880451,0.19143231571703,0.241085516052805,0.122859486270267,0.236282436535663,0.240507384866807
"popular_genre",0.345800402549263,-0.209543372346918,-0.102370328659467,0.0796231299345053,0.0261940761033285,0.0206775651043779,-0.00989957849789544,0.0095493141961019,0.0928035737721797,0.0440114060730073,0.0450892167200833,0.00336555184494548,0.0378619792005185,0.0831549098777355,0.0310741965270381,0.0356316120130571,-0.0103835145953943,0.017902356056517,-0.00787140213996522,-0.0698662818983265,-0.0764660057356863,0.0944985226414601,0.229661696198418,1,-0.217367442879824,-0.265364380795552,-0.0691535668397355,0.0873294498549384,0.0379070436493637,-0.124159144184227,-0.331221630693857,-0.417272655289175,-0.265388741458105,0.639896948565622,-0.299679810224924,0.777073739736545,-0.392594624416903,-0.334398215799572,-0.099979446587309,0.301815995254592,-0.139831382353447,-0.026105595992203,0.603825142505571,0.190277070802913,-0.35170149717098,0.0339389908211138,0.263331432407624,0.117813921617313,0.00408237918667409,0.126237675765363,0.064893654310688,0.0383469541190993,0.0288517005117607,0.0125461851596423,0.118782372023299,0.107442222282053,0.0997892630304909,0.0610359570208244,-0.00032576202213604,0.145906973566915,0.105464329630701,0.103687192217901,0.0495429638524768,0.00850376305022683,0.0566932619834941,0.0658586751857459,0.0831815570977941
"first_in_collection",-0.114082015960964,-0.00864507798157744,-0.00318454192124136,-0.0785604096386388,-0.0558943257285783,-0.0502217106145277,-0.0123779777091748,-0.00485499396406879,-0.108820277284358,-0.034713534878303,-0.0573237634938462,-0.0428506024192309,-0.0104055962693308,-0.103716754253449,-0.0370768639596992,-0.0409799688289754,-0.00929475717962515,-0.00390958280899086,0.0104508014761969,0.0172598156874072,0.0426562330194104,-0.0498494542336364,-0.176099881718512,-0.217367442879824,1,-0.47609265612188,0.0819158286261045,-0.0193116085456504,-0.0194407227053083,0.134558295090325,0.192107535130323,0.281681888452685,0.0398542177222951,-0.0552968757774075,-0.0777589744701029,-0.290595845056619,0.207001488976055,0.223532121824431,-0.0301018996206245,-0.223080768033841,0.202972062637272,0.00395420580126862,-0.00181238796459156,-0.229900629288971,0.17914175747343,0.106015555019742,0.0455641521871212,-0.0613136602690282,-0.0510663080805801,-0.0422034806934615,-0.0791969575536095,-0.00169307144078164,-0.0819797642805903,-0.002661273014926,-0.0556259929331055,-0.0639424018548084,-0.0463201993425669,-0.0954509192853076,-0.0393242743108297,-0.0929730364376113,-0.0739195288134522,-0.0548564718243901,-0.0267556566437228,0.0261064814907272,-0.0436460713893952,-0.0488522167035181,-0.0990491314056542
"sequel",-0.0134571161856276,0.66010171204773,0.211536795714221,0.0601374011824008,0.0515420585968534,0.0887952551810875,0.0450569496575486,0.0506454032363995,0.11196665067676,0.12583606928252,0.150278626238624,0.111862828148735,0.0660943171926668,0.146031411177872,0.143515205914875,0.145037210351303,0.116122867460806,0.083285530221117,0.105999789582763,0.11885578906508,0.129578224468032,-0.10341219190652,-0.159973757688907,-0.265364380795552,-0.47609265612188,1,0.172396341170332,-0.169976730559629,0.0239449605285836,0.242870888659193,0.30413605966688,0.100391047538771,0.000330826893364766,-0.00806695488435136,-0.0903224147548921,-0.38482929748166,0.147843478389486,0.218198478923626,-0.016335542745382,-0.321661347673075,0.238104797409373,-0.0120207842879411,0.00953778684500316,-0.257738785986088,0.267854941435279,0.104063931109886,0.14805532020037,-0.108160217294653,-0.177479587997164,-0.0492756048394477,-0.0711571840723725,0.0290587861147101,0.00148484604971197,0.0579677553490962,-0.0431506597706602,-0.0698924254487661,0.0362188427584324,-0.00889903253794393,0.0778388261189718,-0.0511508410132676,-0.0222835053283188,0.0346972212813192,0.00401334664329776,0.0522994982853129,0.145111696037707,0.111521798864796,0.078297343820687
"major",0.05898331264099,0.077037293955772,0.335607880141062,0.134144171075149,0.0935460509730271,0.0850139283017523,0.0859349034710861,0.0748830787371137,0.147875387991101,0.125937599401874,0.115561950502094,0.111486412415172,0.11319612935662,0.152874085268188,0.115977126088364,0.116546984963707,0.101400055110365,0.104624411603051,0.0839531270495847,0.102862063385228,0.110366062652087,-0.0320100057683244,0.0420477414004407,-0.0691535668397355,0.0819158286261045,0.172396341170332,1,-0.505245106665982,-0.469617172713717,0.0987578865308129,0.167201185580989,0.112488626689014,0.116251038578033,0.00856030582932007,-0.218876401415864,-0.114879673573526,0.20117690420722,0.11756960838005,-0.163177976178677,-0.1147460211604,-0.0593395235814894,0.0400486296601303,0.00728226798715657,0.00182506930043042,0.0847606044500046,-0.0292498964718172,-0.00995076164638748,-0.0998387157799257,-0.0352127406846387,0.110199692197958,0.0979143540687917,0.0743603904293643,0.0525566065778984,0.0253933372062618,0.125735056924907,0.105392893510798,0.0819887302356484,0.0429060909591654,-0.00736364764122177,0.118202174200134,0.0868930769042292,0.0273641080349865,0.0116991545241729,-0.000794413342317861,0.0549024409839935,0.0691532681810568,0.0583263496820795
"minor",-0.0892796925304807,-0.0546202895598684,-0.280826615517464,-0.155307469115343,-0.135736879569369,-0.0971027721176082,-0.105914260695356,-0.111703625510338,-0.167328408565935,-0.15249482776994,-0.113797037988489,-0.117470781227077,-0.12459403152802,-0.167850485077287,-0.147979388604478,-0.119753759852133,-0.117387849719812,-0.123376013750666,-0.098314177662972,-0.110073928890954,-0.0992519187478526,-0.0541449587099713,-0.0816865672186977,0.0873294498549384,-0.0193116085456503,-0.169976730559629,-0.505245106665982,1,-0.499983604025712,-0.080109295437081,-0.102945914631744,-0.00428539249036441,-0.111414177875619,0.00633388330190121,0.245913297890004,0.124074677734547,-0.126294733703258,-0.0962036345151072,0.195034810810198,0.0428354324737912,0.0731131162856252,-0.0525464232927593,0.0286560073130026,-0.0486380015301331,-0.0411887514202674,0.104932184421225,-0.0011974304418146,0.0518347398790617,0.0373682600130842,-0.102422657689011,-0.119074762629953,-0.102794873413644,-0.07344536318571,-0.133226875146319,-0.138789150252863,-0.118752108217956,-0.102415201461817,-0.0598642737968056,-0.0723976153626416,-0.118140673887309,-0.0814012716779354,-0.0685785817006602,-0.0445622806491274,-0.0788037669894806,-0.130007918144449,-0.130295346737499,-0.123072580369153
"medium",0.100567543121456,-0.0423683243957344,0.116554675082763,0.0925376331180566,0.0932664401279171,0.0670365880703268,0.0628913030498457,0.0716466441788222,0.0995446814202395,0.0939724591286037,0.0675585400183908,0.0676233497345371,0.0633276474709721,0.0967222810440559,0.092580345847389,0.0708047422090583,0.0823913325683559,0.0755711448923071,0.0520846458334123,0.039196701215795,0.0197284078577167,0.0880440562588776,0.0836338062708179,0.0379070436493637,-0.0194407227053083,0.0239449605285836,-0.469617172713716,-0.499983604025712,1,0.0391864878185034,-0.00381768871966397,-0.0905333291775983,0.0163359241541886,0.0143403794941333,-0.210771738266131,0.039313280525285,-0.0839464695177875,0.0168944807287683,-0.144520760277986,0.0540985208950773,0.0275002237045508,-0.0133364138546393,-0.000262593117150546,0.0752771669621414,0.0181134054868028,-0.024996384061153,0.0456153890293176,0.0683241741704586,-0.00978816153679494,0.0480777918252686,0.0728439415133383,0.0766628557842902,0.0633551833337599,0.150238265942429,0.0669350935394087,0.0726495733495527,0.0702850460017287,0.0535720698175875,0.11535899472963,0.0506040563366551,0.0425122155006066,0.0776922052529233,0.0771798434418833,0.114124356566505,0.120196734235761,0.120075351612507,0.123492179565294
"Action",0.113361970221063,-0.00114945902281362,0.295457223836186,0.103943920946938,0.0792362464785413,0.0769794108365337,0.0390150160921918,0.0725826839422576,0.0842594052405998,0.0940614659861356,0.0844031983183114,0.0554063160626979,0.0957111666343651,0.0990460614264438,0.109193018366009,0.0761881586343176,0.0754144675970449,0.0828575937634895,0.0688616508746745,0.0891109352478298,0.0961848049351356,-0.219105895281596,-0.0852870359713542,-0.124159144184227,0.134558295090325,0.242870888659193,0.0987578865308129,-0.080109295437081,0.0391864878185034,1,0.580378826326396,-0.0806886341012532,-0.234118645416238,0.284930512158442,-0.272032690036366,-0.234101163375317,-0.17917004721148,0.0684899406732386,-0.163377157815149,0.00479794565017774,-0.0532425986101287,-0.29214650959151,-0.103303559314407,-0.382367257767074,0.401564990013559,0.0262254428700654,0.437395501850584,0.194118636631262,0.203407971755586,0.114133679167977,0.0663250969522546,0.11147389786117,-0.0517623068924743,0.050265510810104,0.156549523715837,0.0586270286490504,0.096916235196535,0.0330787517983433,0.0489565255789188,0.153795587081473,0.0799681155291484,0.036159725679409,0.0441602224082911,0.11274341192817,0.0851924479185538,0.183075219149394,0.171338444323032
"Adventure",0.128602203596616,0.201230776400706,0.400187804137049,0.100299984786443,0.149606557200518,0.111653091732313,0.113452658083943,0.133574188437744,0.0766651692201568,0.153103615033502,0.138300268522007,0.103846650739478,0.141854906209484,0.0853310018676081,0.148839697476194,0.136671581803103,0.119929987044372,0.151806666727638,0.13726155679296,0.174473490953514,0.20046135533343,-0.114954952371405,-0.0412275409529776,-0.331221630693857,0.192107535130323,0.30413605966688,0.167201185580989,-0.102945914631744,-0.00381768871966396,0.580378826326396,1,0.435934375772873,-0.105452790096443,-0.160066959100189,-0.253314062282749,-0.331534693407617,0.434080550149369,0.40423423271235,-0.0712257214456313,-0.0112151040843586,-0.240646493890694,-0.280968027904782,-0.19796411909681,-0.261778883022824,0.403958367881099,0.251523882870254,0.00872579962084719,0.129305987215852,0.266192620454323,0.0803798346992793,0.0651106725800853,0.0948035316689589,0.0415606663792495,0.100656927252986,0.0766866666533259,0.050539683957686,0.0502078843199464,0.0961741624309499,0.148167267225674,0.0514287698635783,0.106251281383793,-0.00708730329126431,0.0959331965644889,0.141131475708974,0.015030960533743,0.0994295679712367,0.110573039391211
"Animation",-0.499048541579689,0.148187086122392,0.305193304606634,-0.104273376336033,0.00486369715381167,-0.0170735130684676,0.0755099600502691,0.072998098125852,-0.0707143789344383,0.0497839240800592,0.0280508263714698,0.0970126700617398,0.120807645757691,-0.0608323292312709,0.0555173468159678,0.0386774081377836,0.0881168084567628,0.145965778913707,-0.0140799728397278,0.0982336935797878,0.101873903129203,-0.901541479836109,-0.039221239970069,-0.417272655289175,0.281681888452685,0.100391047538771,0.112488626689014,-0.00428539249036441,-0.0905333291775984,-0.0806886341012532,0.435934375772873,1,0.175295905947234,-0.360974825146571,-0.0529428946878354,-0.33875063747147,0.806456255669257,0.372034310161022,0.0718956838361086,-0.24575645285193,-0.294016157768441,0.15433021021892,-0.32333851705396,-0.200899576833162,0.164605050498185,0.145562922646179,-0.398355570823152,-0.185405771899855,0.0546460292054133,-0.0304862550105093,-0.00607676143546378,0.119041226211383,0.0738456400727738,0.17257952681113,-0.0212698149465502,0.0730346513262525,0.123713944023187,0.113607748319964,0.196064113217334,-0.00199939947253675,0.12070878454087,0.0983655748835501,0.0911093265986354,0.149967258481647,-0.196658948087569,-0.222272462965675,-0.14911097252369
"Comedy",-0.332426205965927,0.112571955978036,-0.0226983997895522,0.0250469995211319,0.0418116125583617,-0.000106671365611553,0.0476270897528673,0.0430690727637012,0.0433278560111652,0.0453362601518285,0.00136739940996901,0.0475359006482057,0.0432553431624645,0.0448134912130566,0.0532632951441523,0.00660962945028035,0.0444728450721389,0.0648160464032186,0.00591965335830453,0.0122546544626345,0.00797601073233092,0.156505179856975,-0.102921967261167,-0.265388741458105,0.0398542177222951,0.000330826893364759,0.116251038578033,-0.111414177875619,0.0163359241541886,-0.234118645416238,-0.105452790096443,0.175295905947234,1,-0.112318985787314,-0.142480243209697,-0.229704428221178,0.33234271309401,0.0786414318046555,-0.2701724609382,-0.449912706267101,-0.186524272482295,0.0739135166187291,-0.362688188680675,0.429398857235921,-0.15267531198166,-0.190679747763565,-0.500524385810302,-0.308257922847954,-0.0967603492130975,0.0294102662519615,0.0985326897508787,0.031554974122847,0.0805228004894987,0.0516803296722056,0.0118502765905441,0.0274982314374158,-0.0110819075941861,0.0603960544181161,0.0963097458849478,-0.0286898047841562,-0.0540296993081059,-0.015389321166916,0.0939154854060823,0.149988405692092,0.0340447778784465,-0.0160005328957982,-0.0374834188367929
"Crime",0.0984898891290527,-0.0816742215504968,0.0348385011122997,0.119432608848228,0.066684879739479,0.0748847783780639,0.0171813988843908,0.0183255738414944,0.12239530642132,0.0841416361631594,0.102526671621049,0.0377534995928576,0.0648061105719782,0.126963669612843,0.0881820532271021,0.08979490844095,0.0529166864543304,0.0367618323225565,0.0093064206025487,-0.0379488360027901,-0.0353791897844916,-0.293217148981723,0.109086111165451,0.639896948565622,-0.0552968757774074,-0.00806695488435132,0.00856030582932006,0.0063338833019012,0.0143403794941333,0.284930512158442,-0.16006695910019,-0.360974825146571,-0.112318985787314,1,-0.165160239930804,0.231655840807186,-0.382191278035495,-0.33831482713855,-0.0949987934959476,-0.0350248443505773,-0.0600671366771131,-0.120971990725006,0.38897315103714,-0.213745507847456,-0.209198191972161,-0.0128769453607252,0.51944797845518,-0.2613763371473,-0.0014740952603776,0.133050074915885,0.103887225354689,0.142876845999864,0.0538098406134375,0.00998632574139429,0.170503202872636,0.143065422385695,0.166874649512102,0.14146117452317,0.0225007328927999,0.185870317780458,0.138770677936145,0.115902952156907,0.16517829241986,0.0572911288167096,0.0848846548471859,0.086589794516952,0.0960333097720522
"Documentary",-0.292921392931338,0.176598414588526,-0.48371700714804,-0.505965135923114,-0.393952388959839,-0.319835598547717,-0.267256754303177,-0.248254603949744,-0.625356571005258,-0.496801658636588,-0.45989240734378,-0.347376241219265,-0.30707932679964,-0.642425799537081,-0.511397209275417,-0.482045634081198,-0.416472339257503,-0.325057254150682,-0.17703515775253,-0.132193288705902,-0.15041197573618,-0.897444223358466,-0.179064550181904,-0.299679810224924,-0.0777589744701029,-0.0903224147548922,-0.218876401415864,0.245913297890004,-0.210771738266131,-0.272032690036366,-0.253314062282749,-0.0529428946878354,-0.142480243209697,-0.165160239930804,1,-0.252014776650519,-0.0391557017003832,-0.274532490022787,0.483690103479681,0.186393119069796,-0.0575986959818589,0.330914081458447,-0.233148659280916,-0.199394656310209,-0.245030892290253,0.0497994537920806,-0.285791475969559,0.0338312200021043,0.0789447434637597,-0.31691886583313,-0.300102046980295,-0.241913513635317,-0.237176550729806,-0.207401886505531,-0.290857153414559,-0.34770906958873,-0.25084757042492,-0.226039620575836,-0.197570043228754,-0.277764265387159,-0.281858543427483,-0.128327065669337,-0.220105270349473,-0.18232752578329,-0.253847189104375,-0.317245730896292,-0.337302458638267
"Drama",0.36833039005226,-0.207869217527775,-0.128708515008716,0.0516756414907523,0.00019687267387727,0.00725060083932262,-0.0234881733823821,0.00598947688615397,0.0668663935986615,0.0081289928343077,0.0285470144744657,-0.00400666243454803,0.0226451980464117,0.0463466365759029,-0.000227063023148633,0.0223355651383105,-0.0161116750367233,0.0122073019921373,-0.0232757584111433,-0.0762594792223632,-0.0792866726591656,0.101053974284834,0.280658370139045,0.777073739736545,-0.290595845056619,-0.38482929748166,-0.114879673573526,0.124074677734547,0.0393132805252851,-0.234101163375317,-0.331534693407616,-0.33875063747147,-0.229704428221178,0.231655840807186,-0.252014776650519,1,-0.256754808795484,-0.274080167714806,-0.173877020402857,0.477722709483218,-0.252007627563754,0.109897255424602,0.157130965627846,0.402237711546087,-0.347105790117948,0.00308801362964151,0.0076105893522122,0.276389555839747,0.089115315175985,0.106973462638666,0.0494611000019899,-0.00919740572190295,0.0623196671870497,0.0146711573240101,0.0829701562542941,0.128162167927012,0.0731776705126743,0.0482541551353179,0.00462005921961329,0.107378841688568,0.0851734632592497,0.0793181479265929,0.0238538045571337,-0.00730362293505439,0.00962145025980713,0.022061154930361,0.0478071498623872
"Family",-0.304800724972902,0.195980918372331,0.265228659400175,-0.0465707186805019,-0.0232246841275566,0.00414120207242044,0.0840506182177293,0.0644082299612518,-0.0445354388922843,0.0026151934675081,0.00168622749262482,0.0772746813905833,0.0963109463428461,-0.0252098392657979,0.00498967120672419,0.0231454616001081,0.0718538084330595,0.126627899350117,0.0793201088315949,0.111802075120317,0.130512723106171,-0.113102667922447,-0.102582516817839,-0.392594624416903,0.207001488976055,0.147843478389487,0.20117690420722,-0.126294733703258,-0.0839464695177875,-0.17917004721148,0.434080550149369,0.806456255669257,0.33234271309401,-0.382191278035495,-0.0391557017003832,-0.256754808795485,1,0.506137056597,-0.0335371600577375,-0.339855086430104,-0.375382211592485,0.192231374422896,-0.354968886531799,-0.0846886913285094,0.140190102110952,0.0632574569537119,-0.515523395501447,-0.296256398100337,-0.0902784581099553,-0.0666386662607695,-0.0547669378351973,0.0469400732636556,0.124349076541518,0.137496497594986,-0.0483693897764808,-0.0623912680614026,0.0121444683135024,0.111568892740741,0.190589456266383,-0.0368373260196836,-0.0226611502945747,0.00551005078969276,0.0816835467859019,0.185765821157159,-0.0321614287392368,-0.0704185134722716,-0.0500559725306909
"Fantasy",-0.0267955999267754,0.101264994189968,0.266654528094261,0.0112026854219068,0.0544615179093838,0.090230148443506,0.0609758216774005,0.0573753252443418,-0.00445204293243462,0.0818314466860499,0.0720988828227575,0.0668818556947569,0.0550637048425081,0.0189080085101175,0.0917020368221788,0.0599946601405361,0.0814405411554689,0.0612412978753219,0.134100689208473,0.148313983808164,0.157718842473854,-0.190559455786673,-0.0181313216213334,-0.334398215799572,0.223532121824431,0.218198478923626,0.11756960838005,-0.0962036345151072,0.0168944807287683,0.0684899406732387,0.40423423271235,0.372034310161023,0.0786414318046555,-0.33831482713855,-0.274532490022787,-0.274080167714806,0.506137056597,1,-0.0269865283400562,-0.369116830855107,0.10975831897986,-0.033898702295197,-0.0937406562083596,0.019394821654194,0.310660731968199,0.124106058080252,-0.149093814976748,-0.262773512655807,-0.166367152956807,0.0200025097906647,0.0316546707863023,0.069366687629908,0.0785339416105854,0.0254628103867631,-0.0149650741089677,0.0329726407196384,0.0732787633964593,0.0440465144204812,0.0296928110429797,-0.0244658520597126,-0.0194583626677148,0.0522700892916745,-0.00929315685678294,0.0454146823710065,0.114054159127148,0.0255207106214579,-0.0343979360828092
"Foreign",-0.212474793177084,-0.137880113288964,-0.404737667012281,-0.320172453896737,-0.30994272236648,-0.249389561694941,-0.202720071637975,-0.182925005122352,-0.492468995322969,-0.4029695727177,-0.434548974958445,-0.339943106766232,-0.312324120809001,-0.5387569848859,-0.445748438642796,-0.491301464386293,-0.421791017725244,-0.338609900347864,-0.470607976731335,-0.376750627171782,-0.340549058693576,-0.827697403921798,-0.148396480004867,-0.099979446587309,-0.0301018996206245,-0.016335542745382,-0.163177976178677,0.195034810810198,-0.144520760277986,-0.163377157815149,-0.0712257214456313,0.0718956838361086,-0.2701724609382,-0.0949987934959476,0.48369010347968,-0.173877020402857,-0.0335371600577375,-0.0269865283400562,1,0.19384329848059,-0.0150938560360134,0.145187574053975,0.139721578025234,-0.1422792431549,-0.0369863336492402,0.597975691569519,0.0483928591232379,0.170006611939437,0.279098819161129,-0.120327432149006,-0.0371525450992055,0.0475433827306385,0.0944924461612945,0.158886815712643,-0.173614723315316,-0.065108726759606,0.0367038233782696,0.129846993045875,0.18521516776525,-0.155847883339191,-0.0212268489343025,0.0701645128519823,0.128654248007412,0.186576363103062,0.0627742752851467,0.015408141727978,0.00388668063332539
"History",0.709702682605952,-0.082341690208604,0.158086663199997,0.0919459141576865,0.0230944187984832,0.0233137939382847,0.0330739415938339,0.103155874353448,0.125460414848866,-0.0108300687321294,0.0546242084634404,0.0271247851136234,0.0799330282254367,0.113704174825496,-0.0192716601381572,0.0581207231848315,0.0317147570914702,0.0539429112401524,0.0713520391401009,0.0817572149675904,0.094887678072145,0.0420538090606633,0.26882378093134,0.301815995254592,-0.223080768033841,-0.321661347673075,-0.1147460211604,0.0428354324737912,0.0540985208950773,0.00479794565017777,-0.0112151040843587,-0.24575645285193,-0.449912706267101,-0.0350248443505773,0.186393119069796,0.477722709483218,-0.339855086430104,-0.369116830855107,0.19384329848059,1,-0.315472733707008,0.0271581011208077,-0.0981160287370601,-0.00443857562226786,-0.346297530760835,0.232208665793309,-0.136357302282946,0.661205244444613,0.404873055100875,0.0939330198045676,0.0402431033493846,0.0647401129254702,0.148563144734114,0.100230069492026,0.111989740842985,0.0798893425020264,0.0550213068580521,0.180808303403622,0.0924177314793551,0.0643139926143967,0.0199884410798207,0.0312052128826496,0.121807100468412,0.0410068884266322,0.0842743812807201,0.220572055673467,0.205946267159282
"Horror",-0.242440165866378,-0.0218872646016958,-0.288007343478996,-0.153656102007643,-0.138472663235085,-0.113536089428776,-0.154863304702111,-0.111595880909142,-0.134896940552455,-0.108058059567929,-0.0900747918488321,-0.194552865207402,-0.148058003974738,-0.109439458167306,-0.0958025867343962,-0.0712427296622768,-0.146287325137951,-0.146490533423485,-0.0591650403833766,-0.0503211356062591,-0.0651527891477498,0.0245309317570894,-0.276512334896546,-0.139831382353447,0.202972062637272,0.238104797409373,-0.0593395235814894,0.0731131162856252,0.0275002237045508,-0.0532425986101287,-0.240646493890694,-0.294016157768441,-0.186524272482295,-0.0600671366771131,-0.0575986959818589,-0.252007627563754,-0.375382211592485,0.10975831897986,-0.0150938560360134,-0.315472733707008,1,-0.16650806304573,0.379476913481666,-0.251231813624943,0.315143635486221,-0.0183222550809005,0.42684950502113,-0.171763269741228,-0.236818065906957,-0.171823985246087,-0.191028331653601,-0.193190009389498,-0.1355892921997,-0.13281682549785,-0.261821968104076,-0.205455988859851,-0.177296816631472,-0.29930684696181,-0.135225846522793,-0.277319641353327,-0.220726809073028,-0.194611323331877,-0.211149986597458,-0.176229483137331,0.0118450665586548,-0.0709369337932363,-0.122827003788436
"Music",-0.000296666926396499,0.027741121137788,-0.0243756889956171,-0.0424468057089847,-0.0440001733948683,-0.049745202747589,-0.0569692559370322,-0.0168166651624099,-0.0647462823385259,-0.0957679918485828,-0.0792641741911358,-0.0749150611470998,-0.0608117085458452,-0.0658401959957437,-0.140048069123238,-0.0749376065844734,-0.0697456670496387,-0.0821006569597087,-0.0288189699851637,-0.00118300094235028,-0.0349533677090445,-0.0130285457596606,-0.11712041126881,-0.0261055959922029,0.00395420580126861,-0.0120207842879411,0.0400486296601303,-0.0525464232927593,-0.0133364138546393,-0.29214650959151,-0.280968027904782,0.15433021021892,0.0739135166187291,-0.120971990725006,0.330914081458447,0.109897255424602,0.192231374422896,-0.033898702295197,0.145187574053975,0.0271581011208078,-0.16650806304573,1,-0.318147827258294,0.280605192440795,-0.246514391559369,0.240853966371538,-0.427893451998297,-0.0920583109836365,-0.0987164977131952,-0.187912744515568,-0.0519690685523014,-0.0659511348825453,-0.0107851233324841,0.158179383162369,-0.25994489413729,-0.137828569767777,-0.0368841362187407,-0.0592739332360342,0.0351635726122134,-0.245908815970502,-0.165530102759932,0.0542768621685504,-0.0864459121796044,-0.0155514222971263,-0.0211646329621153,-0.0977796052621516,-0.106331355121249
"Mystery",0.107343142589108,-0.116373316369395,0.0588963087603788,0.0468307996636,0.0394306324975671,0.0986002303135105,-0.0132608500143555,0.007267450424599,0.0558686537180902,0.0659344248475916,0.0877651087426442,0.0105462449614931,0.00385648089116526,0.0854132846634896,0.0562925635654726,0.0787280035595769,0.0268749317711664,0.0206918718183894,0.0298567262872347,-0.000293533091772752,-0.00495458616670319,-0.0563885138324643,0.0643492550235821,0.603825142505571,-0.00181238796459157,0.00953778684500316,0.00728226798715657,0.0286560073130025,-0.000262593117150554,-0.103303559314407,-0.19796411909681,-0.32333851705396,-0.362688188680675,0.38897315103714,-0.233148659280916,0.157130965627846,-0.354968886531799,-0.0937406562083596,0.139721578025234,-0.0981160287370601,0.379476913481666,-0.318147827258294,1,-0.159288198585667,0.0514642352483203,0.107844665245877,0.540436010958014,-0.0444356104736401,-0.13781088960039,0.0939443958721719,0.0134515479631556,0.0690677070938646,-0.0947292162675104,0.0315087248689637,0.0918667775382822,-0.00156983137295155,0.104344815948504,-0.132067890372375,0.0352638764578667,0.144928312485016,0.1213806951658,0.138622077630498,-0.0759279246053012,0.0382528641127461,0.0963093448235852,0.0847281307731832,0.102179773369585
"Romance",0.0442552320632142,-0.0429155639252963,-0.0589942846256606,0.053571502159177,0.038995069625814,-0.00459726297548479,0.0263998347616295,-0.0215635892423391,0.051378446828745,0.01748594137976,-0.0118720302125022,0.0245403147696394,-0.0284544725508652,0.0133979461570662,-0.00685914395204124,-0.0151086392736662,0.0138301484683365,-0.0171279831433511,0.00942758971758813,0.00812259725444697,0.00874292270786791,0.160577182350275,0.140879030603349,0.190277070802913,-0.229900629288971,-0.257738785986088,0.00182506930043042,-0.0486380015301331,0.0752771669621414,-0.382367257767074,-0.261778883022824,-0.200899576833162,0.429398857235921,-0.213745507847456,-0.199394656310209,0.402237711546087,-0.0846886913285094,0.019394821654194,-0.1422792431549,-0.00443857562226786,-0.251231813624943,0.280605192440794,-0.159288198585667,1,-0.210863482568323,-0.0628481648581159,-0.363333404851434,0.0498423452252974,-0.0382119677697985,0.0617202385222462,0.0828040309467552,-0.0586347886365202,0.0195772675267216,-0.00230851736722567,0.0121564484322815,0.0717459054650008,-0.0562060810372478,0.0176150945933222,-0.0605641978332354,-0.0106428319398195,-0.0106016021034306,-0.045259916927818,-0.0531245207004127,-0.0524919109639066,-0.0394618573089211,-0.0510014041034385,-0.0402186564724176
"Science.Fiction",-0.0321580543523184,0.0554238793215831,0.152755082943377,0.0129777241747124,-0.020845439436078,0.0311221595238294,0.0280060889195838,0.0564262065853943,0.0101341527179157,-0.000826802226933805,0.00888508517713791,0.0249401474080991,0.0499364492203533,0.038032443220592,0.0207778538832676,0.00115384126652683,0.0465996050665041,0.0362284035553914,0.0738035742248516,0.0816093585401534,0.0925680146728813,-0.223726709654833,-0.105880027162834,-0.35170149717098,0.17914175747343,0.267854941435279,0.0847606044500047,-0.0411887514202674,0.0181134054868028,0.401564990013559,0.403958367881099,0.164605050498185,-0.152675311981659,-0.209198191972161,-0.245030892290253,-0.347105790117948,0.140190102110952,0.3106607319682,-0.0369863336492402,-0.346297530760835,0.315143635486221,-0.246514391559369,0.0514642352483203,-0.210863482568323,1,0.219891447958443,0.256736091437594,-0.133775704354064,-0.0792670149821837,-0.0162169861832386,-0.105595396291079,0.0278092185676189,0.00661471891518187,0.0167543937832869,-0.0207762550243543,-0.0917080742723129,-0.0073386164530435,0.0576537164911758,0.083536513234305,0.0120281842509345,-0.0667722132069969,-0.0376235866804089,0.0603742713486648,0.0642792031187645,0.0169776122492927,0.0124992295360899,0.0712905272030355
"TV.Movie",-0.247405027804042,-0.246351354411983,-0.272881024757822,-0.255383780048818,-0.407296114515598,-0.0857329942670369,-0.0397425637192018,-0.0137182117543721,-0.374770050351801,0.0347059761080314,-0.197609273035846,-0.117494569448649,-0.0837610882074181,-0.532777516369551,-0.0938286119965958,-0.360055054654864,-0.299347907252724,-0.225937116379855,-0.0179791255008974,0.0189379120812391,0.0210513446083955,-0.821216059150445,0.0601171225004673,0.0339389908211138,0.106015555019742,0.104063931109886,-0.0292498964718172,0.104932184421225,-0.024996384061153,0.0262254428700654,0.251523882870254,0.145562922646179,-0.190679747763565,-0.0128769453607252,0.0497994537920807,0.0030880136296415,0.0632574569537119,0.124106058080252,0.597975691569519,0.232208665793309,-0.0183222550809005,0.240853966371538,0.107844665245877,-0.0628481648581159,0.219891447958443,1,-0.0627995943685511,0.221472353668691,0.357039053257824,0.088477666278037,0.139576076580589,0.233336184177721,0.272799350038203,0.338579208257667,0.061619876458968,0.132905158606246,0.235438505086192,0.277972062165644,0.348694870731966,0.0584507518446114,0.168449721211468,0.276862731283011,0.29860383813388,0.35235526457268,0.235483119458884,0.223090291013133,0.199499776238832
"Thriller",0.0790289169850549,-0.15424853520451,0.0690243367871755,0.0708698375499101,0.0575362008382714,0.0604454896464881,-0.00803564493576387,0.0221094361670389,0.108965373618011,0.0529782273824359,0.0619401588819606,0.00575888771573399,0.0520419357378432,0.109174859915632,0.0491521243202299,0.0635668889319819,0.0206740644889322,0.038425760822079,0.00980836094562769,-0.0282609177201232,-0.0283279295499846,-0.156054263936804,0.00852720728602314,0.263331432407624,0.0455641521871212,0.14805532020037,-0.00995076164638749,-0.0011974304418146,0.0456153890293176,0.437395501850585,0.0087257996208472,-0.398355570823152,-0.500524385810302,0.51944797845518,-0.285791475969559,0.0076105893522122,-0.515523395501447,-0.149093814976748,0.0483928591232379,-0.136357302282946,0.42684950502113,-0.427893451998297,0.540436010958014,-0.363333404851434,0.256736091437594,-0.0627995943685511,1,-0.045577720347008,-0.208177680410217,0.133476480978913,0.0647273122323593,0.0983473696313379,-0.0334799059147114,-0.00513191020227255,0.129880543405208,0.0953780312456335,0.103728725488647,-0.0001193612950927,-0.0135638753917101,0.170317250184996,0.127967541373871,0.0622046012026865,0.0905319250348368,-0.0268255631916848,0.0563642533820241,0.113604300850025,0.111947095294115
"War",0.482233138743635,-0.022897237031378,0.16743172196486,0.0338275524420106,0.0140186994040109,-0.00888948451603492,-0.0641697147871488,0.0367657576649848,0.087276563830644,0.0241268894654577,0.0175585315227876,-0.0472805145397958,0.0342583376419615,0.0717844503181836,-0.000379761775405673,0.0371596220120339,-0.0271514203323654,0.00159962984089716,0.147306509535942,0.118385884928968,0.0972610957683329,-0.894320553876865,0.0629638350680607,0.117813921617313,-0.0613136602690282,-0.108160217294653,-0.0998387157799258,0.0518347398790617,0.0683241741704587,0.194118636631262,0.129305987215852,-0.185405771899855,-0.308257922847954,-0.2613763371473,0.0338312200021043,0.276389555839747,-0.296256398100337,-0.262773512655807,0.170006611939437,0.661205244444613,-0.171763269741228,-0.0920583109836365,-0.0444356104736401,0.0498423452252974,-0.133775704354064,0.221472353668691,-0.045577720347008,1,0.193611859116624,0.0061628965722892,-0.0728998228588916,-0.0346765039684957,-0.103668995115789,0.0111788426344218,0.0599467125077051,-0.0053348293179921,-0.06619300059139,-0.0183275635453979,-0.0992403686465445,0.0432556079808026,-0.0424363538037197,0.0268357181106808,-0.00244374336395453,-0.0056438607129812,0.0522395931920456,0.201047526253167,0.148139625465963
"Western",0.301954390697729,-0.0188060029388087,0.127165685434321,0.161404832615907,0.127974147391406,0.0851932593817818,0.0102970001496502,-0.034836512618702,0.15437293265967,0.104807919114096,0.110777579797893,0.0269859647791972,-0.0570558187733554,0.133268143336683,0.112517633980005,0.13353083165299,0.045547219697779,-0.0581390534498687,0.120990354316135,0.143016237815425,0.0683025178910695,-0.822826633685179,0.0400483166273704,0.00408237918667409,-0.0510663080805801,-0.177479587997164,-0.0352127406846387,0.0373682600130841,-0.00978816153679493,0.203407971755586,0.266192620454323,0.0546460292054133,-0.0967603492130975,-0.00147409526037763,0.0789447434637597,0.089115315175985,-0.0902784581099554,-0.166367152956807,0.279098819161129,0.404873055100875,-0.236818065906957,-0.0987164977131952,-0.13781088960039,-0.0382119677697984,-0.0792670149821837,0.357039053257824,-0.208177680410217,0.193611859116624,1,0.048262399424533,0.195906924941751,0.0772951349386129,0.103568181172393,-0.0232713875776829,0.0170988509536341,0.0730083265598715,0.128787163412972,0.0367172481914694,0.00611842654169882,0.0685387278842397,0.167524192289022,0.0345289138568987,-0.0359055310312696,0.0181047108548102,0.0658755144006333,0.103348375421494,0.213603329388925
"actor_is_top_100_of_past_2_years_0",0.217586285437085,-0.0352328318520417,0.329909490343853,0.438646624077411,0.219585097279093,0.189987398225971,0.160447502526779,0.0946655515939707,0.337007966859292,0.180056734025334,0.173853525366261,0.210108521992607,0.123803375244456,0.306265010423766,0.181726875385384,0.139443676156814,0.144299239813523,0.172741255702414,0.0975597549259147,0.050128460643174,0.04837936036586,0.0164375049026058,0.208542012284488,0.126237675765363,-0.0422034806934615,-0.0492756048394477,0.110199692197958,-0.102422657689011,0.0480777918252685,0.114133679167977,0.0803798346992793,-0.0304862550105093,0.0294102662519615,0.133050074915885,-0.31691886583313,0.106973462638666,-0.0666386662607695,0.0200025097906647,-0.120327432149006,0.0939330198045676,-0.171823985246087,-0.187912744515568,0.0939443958721719,0.0617202385222463,-0.0162169861832386,0.088477666278037,0.133476480978913,0.00616289657228918,0.048262399424533,1,0.250017693312987,0.220710489633102,0.14667763846079,0.188042088852151,0.821738459317937,0.287843384164357,0.223558075903784,0.169880771027379,0.0585277813600395,0.686144576613878,0.305609849099149,0.142487177987141,0.155882678302099,0.054798854315805,0.255424915603835,0.273394362852614,0.282159796786773
"actor_is_top_100_of_past_2_years_1",0.188774826989356,-0.0878800142133974,0.285780689383426,0.180357909798822,0.573934981017102,0.172351583679757,0.145119039716446,0.140561404871673,0.218668573824778,0.423677499560025,0.180269062665768,0.215566476042809,0.184272407813128,0.210264869869614,0.385491109646961,0.148373370284716,0.170762353706199,0.191844091853228,0.0929790043793645,0.0474640274977983,0.0488517510455459,0.0127423732448616,0.261521629435843,0.0648936543106879,-0.0791969575536095,-0.0711571840723725,0.0979143540687916,-0.119074762629952,0.0728439415133383,0.0663250969522546,0.0651106725800853,-0.00607676143546379,0.0985326897508787,0.103887225354689,-0.300102046980295,0.0494611000019899,-0.0547669378351974,0.0316546707863023,-0.0371525450992055,0.0402431033493847,-0.191028331653601,-0.0519690685523014,0.0134515479631556,0.0828040309467552,-0.105595396291079,0.139576076580589,0.0647273122323593,-0.0728998228588916,0.195906924941751,0.250017693312987,1,0.313393892457198,0.274295323242251,0.241561935298855,0.275257604782892,0.816209208778443,0.278946331853008,0.218577361096751,0.181068626763094,0.28167693938373,0.685957380797685,0.250273398873131,0.161203801315606,0.164966981116696,0.183144454969335,0.267874826262954,0.237266078280476
"actor_is_top_100_of_past_2_years_2",0.20094452144033,-0.0411144985679506,0.297799279615369,0.132859068353701,0.176182854345052,0.575437099843414,0.185693119032055,0.130154974752966,0.132694740539767,0.168790998826676,0.445324142898082,0.257455928816986,0.145771204136696,0.136326468815084,0.143852455639938,0.397591150083182,0.234720131972728,0.184710893186976,0.112773026208826,0.054823011390213,0.0500529094681961,-0.13103421336564,0.210137809730939,0.0383469541190993,-0.00169307144078164,0.0290587861147101,0.0743603904293643,-0.102794873413644,0.0766628557842901,0.11147389786117,0.0948035316689588,0.119041226211383,0.031554974122847,0.142876845999864,-0.241913513635317,-0.00919740572190294,0.0469400732636557,0.069366687629908,0.0475433827306386,0.0647401129254702,-0.193190009389498,-0.0659511348825453,0.0690677070938646,-0.0586347886365201,0.0278092185676189,0.233336184177721,0.098347369631338,-0.0346765039684957,0.0772951349386129,0.220710489633102,0.313393892457197,1,0.219389017773227,0.179158727813729,0.198737906533364,0.308170079277708,0.854212567314405,0.288929804323465,0.204953578710269,0.217806126661908,0.30471613616924,0.736559844146492,0.320346563842554,0.285412059362272,0.145864091371842,0.251773115253087,0.306261543480044
"actor_is_top_100_of_past_2_years_3",0.186179848266939,-0.037299605826662,0.193855858887838,0.174172657918717,0.171192664839553,0.180023477230256,0.585604433779098,0.136665590384218,0.163197417985274,0.129750062072362,0.142290831993252,0.466650276297002,0.161621544472914,0.153955507095043,0.0983220757884681,0.130887525556512,0.395782344977144,0.203413336617094,0.0831457492710991,0.0930249539098557,0.0663111310562068,-0.0629129309616236,0.207044662156424,0.0288517005117606,-0.0819797642805903,0.00148484604971199,0.0525566065778984,-0.07344536318571,0.0633551833337599,-0.0517623068924743,0.0415606663792495,0.0738456400727738,0.0805228004894986,0.0538098406134375,-0.237176550729805,0.0623196671870497,0.124349076541518,0.0785339416105854,0.0944924461612945,0.148563144734114,-0.1355892921997,-0.0107851233324841,-0.0947292162675104,0.0195772675267216,0.00661471891518189,0.272799350038203,-0.0334799059147114,-0.103668995115789,0.103568181172393,0.14667763846079,0.274295323242251,0.219389017773227,1,0.156756423594667,0.197250812455709,0.219848120337798,0.253134889424158,0.800710707227215,0.237458590366363,0.131081885371602,0.228649454927852,0.25153351347334,0.730295294399988,0.157432924219099,0.150247447812266,0.210202272095313,0.205922486630447
"actor_is_top_100_of_past_2_years_4",0.168398078028407,0.0635577126874504,0.225460431248173,0.138340693475932,0.186649704563936,0.122325708221167,0.148204893805366,0.667481729056891,0.133149861911917,0.135726618964353,0.109204281912312,0.2201250161877,0.58791539404494,0.116678653206264,0.143617092393603,0.0741168070246741,0.200002189484152,0.54315091872316,0.0726458266855565,0.100907498657879,0.0805266619899707,-0.898135575295054,0.184071384206463,0.0125461851596422,-0.002661273014926,0.0579677553490962,0.0253933372062619,-0.133226875146319,0.150238265942429,0.050265510810104,0.100656927252986,0.17257952681113,0.0516803296722056,0.0099863257413943,-0.207401886505531,0.01467115732401,0.137496497594986,0.025462810386763,0.158886815712643,0.100230069492026,-0.13281682549785,0.158179383162369,0.0315087248689637,-0.00230851736722566,0.0167543937832869,0.338579208257667,-0.00513191020227255,0.0111788426344218,-0.0232713875776829,0.188042088852151,0.241561935298855,0.179158727813729,0.156756423594667,1,0.194014879472699,0.265605772612402,0.138993200864559,0.175678692630612,0.815070848454598,0.145372804281795,0.288442349381747,0.166128951701153,0.158640784288662,0.755553946210053,0.103248422954103,0.149730291159114,0.170577738144611
"actor_is_top_100_of_past_5_years_0",0.239615152856537,-0.048120618496239,0.403998935132328,0.498815696201074,0.271234863449897,0.181960860294694,0.174605372705995,0.104561695486405,0.400797757032989,0.223915269562712,0.177039793826258,0.243316160925993,0.16643943350947,0.374867454726093,0.222076326100166,0.142482688148505,0.158138227964364,0.210536096257553,0.101798261893241,0.0400740103590997,0.0495187408640044,-0.153923507564136,0.289166386418622,0.118782372023299,-0.0556259929331054,-0.0431506597706602,0.125735056924907,-0.138789150252863,0.0669350935394087,0.156549523715837,0.0766866666533259,-0.0212698149465502,0.0118502765905441,0.170503202872636,-0.290857153414559,0.0829701562542941,-0.0483693897764807,-0.0149650741089677,-0.173614723315316,0.111989740842985,-0.261821968104076,-0.25994489413729,0.0918667775382822,0.0121564484322815,-0.0207762550243544,0.061619876458968,0.129880543405208,0.0599467125077051,0.0170988509536341,0.821738459317937,0.275257604782893,0.198737906533364,0.197250812455709,0.194014879472699,1,0.377232796932326,0.258251124274743,0.220567372279374,0.131287673994784,0.894792065879104,0.404509368279578,0.226490702282337,0.172063603237559,0.107770519901077,0.314433276570899,0.316152764847443,0.321669450369635
"actor_is_top_100_of_past_5_years_1",0.231885286824498,-0.0852598035917828,0.31327152384852,0.217426447783514,0.56174088384944,0.167211447742334,0.141722980476742,0.166080018276957,0.238133467325762,0.438882186138746,0.205279131782275,0.245127501628773,0.184861897288125,0.212805827365956,0.405241289334034,0.179159414983704,0.190407273719857,0.211541130558501,0.0916384693782629,0.0718019102725741,0.0621655980688531,-0.13102194212825,0.301040406775193,0.107442222282053,-0.0639424018548084,-0.0698924254487661,0.105392893510798,-0.118752108217956,0.0726495733495527,0.0586270286490505,0.0505396839576861,0.0730346513262525,0.0274982314374158,0.143065422385695,-0.347709069588731,0.128162167927012,-0.0623912680614026,0.0329726407196384,-0.065108726759606,0.0798893425020264,-0.205455988859851,-0.137828569767777,-0.00156983137295155,0.0717459054650008,-0.0917080742723129,0.132905158606246,0.0953780312456335,-0.00533482931799209,0.0730083265598716,0.287843384164357,0.816209208778443,0.308170079277708,0.219848120337798,0.265605772612402,0.377232796932326,1,0.337282604898175,0.199476507165927,0.231693721945475,0.367459209546645,0.858052987876235,0.307101626554518,0.14905946867842,0.18621479642536,0.163835587862485,0.267404304431641,0.245436090664718
"actor_is_top_100_of_past_5_years_2",0.227209714055518,-0.0513744136386339,0.279383969086476,0.129976038265057,0.248200468106726,0.554033060665026,0.174893642897901,0.130376304844188,0.156496151720612,0.20263026607932,0.462693519986276,0.261333478218193,0.169787739690307,0.149816117839142,0.177294023452218,0.408838079058772,0.235988353457124,0.19868388638102,0.0974758193404633,0.0353967515413957,0.0150587667631577,-0.132859828017974,0.295701752070118,0.0997892630304909,-0.0463201993425669,0.0362188427584324,0.0819887302356484,-0.102415201461817,0.0702850460017287,0.0969162351965351,0.0502078843199464,0.123713944023187,-0.0110819075941861,0.166874649512102,-0.25084757042492,0.0731776705126743,0.0121444683135024,0.0732787633964593,0.0367038233782696,0.0550213068580521,-0.177296816631472,-0.0368841362187407,0.104344815948504,-0.0562060810372478,-0.00733861645304349,0.235438505086192,0.103728725488647,-0.06619300059139,0.128787163412972,0.223558075903784,0.278946331853008,0.854212567314405,0.253134889424158,0.138993200864559,0.258251124274743,0.337282604898175,1,0.313167768449462,0.224542496847621,0.276064817617728,0.304347724560589,0.883042099520627,0.316533479366859,0.197481682268815,0.119168068539339,0.263091536889181,0.281068894372555
"actor_is_top_100_of_past_5_years_3",0.208619592125817,-0.0327496852113666,0.218909187699277,0.138190734394996,0.183346627534913,0.173987448700803,0.644237837058207,0.13104624645075,0.139204014507722,0.126876607714526,0.151719936399544,0.534629792179711,0.192925970427576,0.13009320139189,0.103949282905625,0.132826348814541,0.459222155356842,0.211214030672539,0.0716937220886378,0.054527189787981,0.0515183981238247,0.0756234187229434,0.199755668400225,0.0610359570208244,-0.0954509192853075,-0.00889903253794392,0.0429060909591655,-0.0598642737968056,0.0535720698175875,0.0330787517983433,0.09617416243095,0.113607748319964,0.0603960544181161,0.14146117452317,-0.226039620575836,0.0482541551353179,0.111568892740741,0.0440465144204811,0.129846993045875,0.180808303403622,-0.29930684696181,-0.0592739332360342,-0.132067890372375,0.0176150945933222,0.0576537164911758,0.277972062165644,-0.000119361295092703,-0.0183275635453978,0.0367172481914694,0.169880771027379,0.218577361096751,0.288929804323465,0.800710707227215,0.175678692630612,0.220567372279374,0.199476507165927,0.313167768449462,1,0.244708685362504,0.16688803842134,0.188392092941925,0.283931161546564,0.895553370691452,0.198825817324226,0.177044298911375,0.211324439473248,0.220972856688332
"actor_is_top_100_of_past_5_years_4",0.105811623812745,0.0349316917143627,0.197460147094739,0.0715114274243028,0.15171853871978,0.197056763207428,0.239154988248173,0.604986752506942,0.0981198573596968,0.10769258607938,0.127060509740544,0.29540262088014,0.573180359173913,0.0911516698731506,0.114404861783457,0.0723495759010453,0.240283344529301,0.530184860152493,-0.0330454309844606,0.0759666690092358,0.108573527136447,-0.895074945427354,0.184972315309647,-0.000325762022136066,-0.0393242743108297,0.0778388261189718,-0.00736364764122177,-0.0723976153626416,0.11535899472963,0.0489565255789188,0.148167267225674,0.196064113217334,0.0963097458849478,0.0225007328927999,-0.197570043228754,0.0046200592196133,0.190589456266383,0.0296928110429797,0.18521516776525,0.0924177314793551,-0.135225846522794,0.0351635726122133,0.0352638764578667,-0.0605641978332354,0.083536513234305,0.348694870731966,-0.0135638753917101,-0.0992403686465445,0.00611842654169883,0.0585277813600395,0.181068626763094,0.204953578710269,0.237458590366363,0.815070848454598,0.131287673994784,0.231693721945475,0.224542496847621,0.244708685362504,1,0.0819530412035997,0.238645140735521,0.188168080461501,0.289492364003507,0.891062750428795,0.143458461399225,0.166286649638745,0.136492727580021
"actor_is_top_100_of_past_10_years_0",0.261234740965364,-0.0640913857827533,0.419372940462757,0.461957580226292,0.264833798179602,0.193056821599632,0.161808167120317,0.0960716844073672,0.413613118696043,0.225084031912533,0.184534126738121,0.247671506979993,0.153348206236302,0.390195989150699,0.221716320998839,0.155225836966796,0.16175253462743,0.186496239702847,0.113916084659164,0.0729557739969071,0.107697658667658,-0.148819324477371,0.335630585624903,0.145906973566915,-0.0929730364376112,-0.0511508410132676,0.118202174200134,-0.118140673887309,0.0506040563366551,0.153795587081473,0.0514287698635783,-0.00199939947253677,-0.0286898047841563,0.185870317780458,-0.277764265387159,0.107378841688568,-0.0368373260196836,-0.0244658520597126,-0.155847883339191,0.0643139926143967,-0.277319641353327,-0.245908815970502,0.144928312485016,-0.0106428319398195,0.0120281842509345,0.0584507518446113,0.170317250184996,0.0432556079808026,0.0685387278842396,0.686144576613878,0.28167693938373,0.217806126661908,0.131081885371602,0.145372804281795,0.894792065879104,0.367459209546645,0.276064817617728,0.16688803842134,0.0819530412035996,1,0.416400630501492,0.262785672525303,0.182293521636748,0.0850929097837227,0.25483672617183,0.30806680864126,0.360763547111529
"actor_is_top_100_of_past_10_years_1",0.233076958254311,-0.077058639364958,0.337087133447482,0.215973969798846,0.486217762149974,0.182114505277263,0.126344739535202,0.131964945059364,0.243256047813095,0.417790967546188,0.218359260103554,0.21537038925403,0.157126711489624,0.224608442456948,0.388845669523429,0.204259046584839,0.195272582592045,0.183337003982973,0.0811580987154742,0.0822805696149004,0.0735192538097338,-0.221342244113205,0.341047233549276,0.105464329630701,-0.0739195288134521,-0.0222835053283188,0.0868930769042292,-0.0814012716779354,0.0425122155006066,0.0799681155291484,0.106251281383793,0.12070878454087,-0.0540296993081059,0.138770677936145,-0.281858543427483,0.0851734632592497,-0.0226611502945747,-0.0194583626677148,-0.0212268489343025,0.0199884410798207,-0.220726809073028,-0.165530102759932,0.1213806951658,-0.0106016021034306,-0.0667722132069969,0.168449721211468,0.127967541373871,-0.0424363538037197,0.167524192289022,0.305609849099149,0.685957380797685,0.30471613616924,0.228649454927852,0.288442349381747,0.404509368279578,0.858052987876235,0.304347724560589,0.188392092941925,0.238645140735521,0.416400630501492,1,0.334246845529228,0.16637892692006,0.216151836339534,0.195580495987451,0.261879404405669,0.242864288693587
"actor_is_top_100_of_past_10_years_2",0.167929954101198,-0.0621973996590182,0.251584090715698,0.0994176355319384,0.207694084915758,0.499898436856461,0.209688512351416,0.105660492071369,0.138150825039062,0.165529942258861,0.442071869289555,0.258006729263733,0.153515166699775,0.138584328378627,0.153499965066992,0.394509219996566,0.216019964691058,0.164349273518361,0.125643564296826,0.027425419647984,-0.02239609753561,-0.904019445168367,0.3021858880451,0.103687192217901,-0.0548564718243901,0.0346972212813191,0.0273641080349865,-0.0685785817006602,0.0776922052529233,0.036159725679409,-0.0070873032912643,0.0983655748835501,-0.015389321166916,0.115902952156907,-0.128327065669337,0.0793181479265928,0.00551005078969275,0.0522700892916744,0.0701645128519823,0.0312052128826496,-0.194611323331877,0.0542768621685504,0.138622077630498,-0.045259916927818,-0.0376235866804089,0.276862731283011,0.0622046012026865,0.0268357181106808,0.0345289138568987,0.142487177987141,0.250273398873131,0.736559844146493,0.25153351347334,0.166128951701153,0.226490702282337,0.307101626554518,0.883042099520627,0.283931161546563,0.188168080461501,0.262785672525303,0.334246845529228,1,0.274833778953815,0.137427235824709,0.115975269232432,0.229368564010601,0.232688002348304
"actor_is_top_100_of_past_10_years_3",0.133465041734272,-0.0388161931028081,0.197759360476182,0.0814368743619212,0.125700015486375,0.168156557310524,0.541321583991797,0.182418767591542,0.0821630158042063,0.0944793893682652,0.16916003112398,0.502880853608348,0.217778792631797,0.0969394342668141,0.0975130772544595,0.147185651608507,0.429223180780707,0.221829781092881,0.0196648506339789,0.00764519322703286,0.00275376575189781,-0.0230932316871457,0.19143231571703,0.0495429638524768,-0.0267556566437228,0.00401334664329775,0.0116991545241729,-0.0445622806491274,0.0771798434418833,0.0441602224082911,0.0959331965644889,0.0911093265986353,0.0939154854060823,0.16517829241986,-0.220105270349473,0.0238538045571337,0.0816835467859019,-0.00929315685678295,0.128654248007411,0.121807100468412,-0.211149986597458,-0.0864459121796045,-0.0759279246053012,-0.0531245207004127,0.0603742713486648,0.298603838133879,0.0905319250348369,-0.00244374336395453,-0.0359055310312696,0.155882678302099,0.161203801315606,0.320346563842554,0.730295294399988,0.158640784288662,0.172063603237559,0.14905946867842,0.316533479366859,0.895553370691452,0.289492364003507,0.182293521636748,0.16637892692006,0.274833778953815,1,0.261757632475967,0.124027105696663,0.17626703965386,0.20687102782625
"actor_is_top_100_of_past_10_years_4",0.0986060737496762,0.105391951976006,0.221263392310157,0.0897414631095059,0.104348027753738,0.229899141549522,0.220293960347206,0.555557685263893,0.0874294365844321,0.0622776179278628,0.143373622974187,0.291557645577253,0.563352746220541,0.0711087363117767,0.0478208588173137,0.115866553173754,0.263445002413801,0.525236013496303,0.0337037360799772,0.030278163488273,0.0700233416263848,-0.896300371863927,0.241085516052805,0.00850376305022686,0.0261064814907272,0.0522994982853129,-0.000794413342317874,-0.0788037669894807,0.114124356566505,0.11274341192817,0.141131475708974,0.149967258481647,0.149988405692092,0.0572911288167096,-0.18232752578329,-0.00730362293505437,0.185765821157159,0.0454146823710065,0.186576363103062,0.0410068884266322,-0.176229483137331,-0.0155514222971263,0.0382528641127461,-0.0524919109639066,0.0642792031187645,0.35235526457268,-0.0268255631916848,-0.00564386071298118,0.0181047108548102,0.054798854315805,0.164966981116696,0.285412059362272,0.157432924219099,0.755553946210053,0.107770519901077,0.18621479642536,0.197481682268815,0.198825817324226,0.891062750428794,0.0850929097837228,0.216151836339534,0.137427235824709,0.261757632475967,1,0.10462435219545,0.0900466813169163,0.108665926022921
"director_is_top_50_of_past_2_years_0",0.257327912459667,-0.0187066535372353,0.266018710439131,0.177647562613267,0.15203518591624,0.145475222501696,0.144479968184841,0.089614122982501,0.121660304503797,0.0995319446816465,0.0958368142484124,0.13996863191398,0.111638551185074,0.104840399613378,0.083651456598313,0.0707089636273421,0.0834181326137012,0.120356273544745,0.40549461570528,0.163012863805606,0.167051242689137,0.158973075863348,0.122859486270267,0.0566932619834942,-0.0436460713893952,0.145111696037707,0.0549024409839935,-0.130007918144449,0.120196734235761,0.0851924479185538,0.015030960533743,-0.196658948087569,0.0340447778784464,0.0848846548471859,-0.253847189104375,0.00962145025980712,-0.0321614287392368,0.114054159127148,0.0627742752851467,0.08427438128072,0.0118450665586548,-0.0211646329621153,0.0963093448235852,-0.0394618573089211,0.0169776122492927,0.235483119458884,0.0563642533820241,0.0522395931920456,0.0658755144006332,0.255424915603835,0.183144454969335,0.145864091371842,0.150247447812266,0.103248422954103,0.314433276570899,0.163835587862485,0.119168068539339,0.177044298911375,0.143458461399225,0.25483672617183,0.195580495987451,0.115975269232432,0.124027105696663,0.10462435219545,1,0.748246186859045,0.598284037519602
"director_is_top_50_of_past_5_years_0",0.349030872201137,-0.00988813884265119,0.352658785567896,0.155121214882051,0.196042783259951,0.115302780107611,0.15500434484836,0.1238199543208,0.166377420803075,0.143583538531348,0.120838347382636,0.182169956967017,0.174695645172704,0.173292332554618,0.128050019914681,0.0844738341494461,0.119428114227492,0.187131651176614,0.419469857157457,0.270035558742262,0.283769351223053,0.0991378048891967,0.236282436535663,0.0658586751857459,-0.0488522167035181,0.111521798864796,0.0691532681810568,-0.130295346737499,0.120075351612507,0.183075219149394,0.0994295679712367,-0.222272462965675,-0.0160005328957982,0.0865897945169521,-0.317245730896292,0.022061154930361,-0.0704185134722716,0.0255207106214578,0.015408141727978,0.220572055673467,-0.0709369337932363,-0.0977796052621516,0.0847281307731832,-0.0510014041034385,0.0124992295360899,0.223090291013133,0.113604300850026,0.201047526253167,0.103348375421494,0.273394362852614,0.267874826262954,0.251773115253087,0.210202272095313,0.149730291159114,0.316152764847443,0.267404304431641,0.263091536889181,0.211324439473248,0.166286649638745,0.30806680864126,0.261879404405669,0.229368564010601,0.17626703965386,0.0900466813169164,0.748246186859046,1,0.846001012106133
"director_is_top_50_of_past_10_years_0",0.370962805175807,-0.0159262295554601,0.3581704082164,0.159638705518111,0.144436850930578,0.138180912313089,0.140983779029341,0.122157169888843,0.166090292831146,0.137662720493959,0.132213570736191,0.195278142345621,0.134672387341571,0.171427632667128,0.14014274932312,0.0981597816105866,0.140884736344285,0.162136823016819,0.347655380746712,0.262151902538976,0.291823718969499,-0.0712532568563159,0.240507384866807,0.0831815570977941,-0.0990491314056542,0.078297343820687,0.0583263496820795,-0.123072580369153,0.123492179565294,0.171338444323032,0.110573039391211,-0.14911097252369,-0.0374834188367929,0.0960333097720522,-0.337302458638268,0.0478071498623872,-0.0500559725306909,-0.0343979360828092,0.00388668063332539,0.205946267159282,-0.122827003788436,-0.106331355121249,0.102179773369585,-0.0402186564724176,0.0712905272030355,0.199499776238832,0.111947095294115,0.148139625465963,0.213603329388925,0.282159796786773,0.237266078280476,0.306261543480044,0.205922486630447,0.170577738144611,0.321669450369635,0.245436090664718,0.281068894372555,0.220972856688332,0.136492727580021,0.360763547111529,0.242864288693587,0.232688002348304,0.20687102782625,0.108665926022921,0.598284037519603,0.846001012106133,1
